box,activation,hiddenLayers,inputDropout,dropout,epochs,trainSamplesPerIteration,rho,l1,l2,maxw2,epsilon,balance_classes,dataTransformation,lossFunction,executionTime,logLoss1,logLoss2,logLoss3,logLoss4,accuracy1,accuracy2,accuracy3,accuracy4
work,RectifierWithDropout,500;500;250;100,0.1,0,50,-2,0.999,0.001,0.01,1,1.00E-09,FALSE,sqrt,Automatic,4.639921571,0.687912807,0.70313741,0.721268203,0.690529977,0.742921784,0.745814209,0.738121404,0.735358759
work,RectifierWithDropout,100;20,0.01,0,25,-2,0.999,1.00E-04,0,100,1.00E-06,FALSE,raw,MeanSquare,0.109269304,26.74913251,26.57846308,26.60862401,26.64617035,0.22553329,0.230331631,0.229555886,0.228312864
work,TanhWithDropout,36;18,0.2,0.2,10,-2,0.99,1.00E-04,1.00E-05,1,1.00E-07,TRUE,raw,CrossEntropy,0.282694029,0.891079843,0.85683818,0.892107378,0.875321626,0.707950873,0.715948025,0.706574439,0.704460246
work,MaxoutWithDropout,36;18,0.02,0.1,10,-2,0.98,0.001,1.00E-05,100,1.00E-07,FALSE,sqrt,MeanSquare,0.166043109,1.690311835,1.805473093,1.792020869,1.760456138,0.469683258,0.449479604,0.439459564,0.406140918
work,MaxoutWithDropout,100;20,0.2,0.7,25,-2,0.999,1.00E-05,0.001,10,1.00E-06,TRUE,raw,CrossEntropy,1.258135292,1.965909095,1.944704255,1.973914854,2.151013657,0.270458953,0.230331631,0.299437585,0.259211377
work,RectifierWithDropout,100;100,0.01,0.7,50,-2,0.999,0.001,1.00E-04,10,1.00E-07,TRUE,sqrt,Automatic,0.667028338,0.695133318,0.69112969,0.685173924,0.670228074,0.748739496,0.748981835,0.753054496,0.746541694
work,MaxoutWithDropout,36;36;36,0,0.2,10,-2,0.99,0.001,1.00E-04,100,1.00E-06,TRUE,sqrt,Automatic,0.4469555,1.040095541,1.02046791,1.217345045,2.075511688,0.650937298,0.663585235,0.569332213,0.259211377
work,RectifierWithDropout,500;500;250;100,0,0.2,10,-2,0.9999,0,0.01,10,1.00E-07,FALSE,sqrt,Automatic,0.965152295,0.725058816,0.825366987,0.68887661,0.783855148,0.733807369,0.716788416,0.746396018,0.716936005
work,RectifierWithDropout,500;250;50,0,0.1,15,-2,0.98,0.01,0.01,100,1.00E-06,FALSE,sqrt,CrossEntropy,0.91918412,0.911457771,0.89075104,1.014562213,0.957952448,0.690045249,0.690348439,0.651755123,0.653716871
work,TanhWithDropout,200;100;50,0.2,0,10,-2,0.999,1.00E-05,0.001,1,1.00E-07,TRUE,sqrt,MeanSquare,1.872058862,1.079792511,1.014578791,1.029833749,0.974027533,0.677181642,0.665524598,0.656797466,0.6239819
work,RectifierWithDropout,35;17,0.02,0,25,-2,0.95,0,0,10,1.00E-06,TRUE,sqrt,MeanSquare,0.910525838,31.43770762,29.724024,33.44742693,32.82921863,0.06612799,0.139375525,0.031417674,0.046606335
work,RectifierWithDropout,500;500;250;100,0.01,0.7,25,-2,0.999,1.00E-04,0.01,1,1.00E-07,FALSE,raw,MeanSquare,0.556983937,1.989922533,1.997392639,2.017025068,1.998482727,0.263606981,0.259616006,0.259745297,0.259211377
work,RectifierWithDropout,36;18,0.1,0,5,-2,0.999,0,0,100,1.00E-07,FALSE,raw,CrossEntropy,0.090376929,0.603499959,0.592173521,0.592498405,0.621599018,0.768842922,0.776456138,0.77218954,0.762702004
work,RectifierWithDropout,35;17,0,0,10,-2,0.9999,1.00E-05,0.01,10,1.00E-06,TRUE,sqrt,CrossEntropy,0.119274238,1.584732685,1.560057525,1.3777165,1.150666877,0.585843568,0.531579288,0.522141056,0.581124758
work,RectifierWithDropout,100;50,0.02,0.1,15,-2,0.98,0.001,0.01,2,1.00E-09,TRUE,raw,CrossEntropy,0.572997196,0.678954119,0.691082043,0.676803496,0.69076924,0.752488688,0.748012153,0.747882862,0.739366516
work,RectifierWithDropout,500;500;250;100,0.2,0,25,-2,0.99,0,0.01,2,1.00E-06,FALSE,sqrt,CrossEntropy,1.950849297,0.700674893,0.740709342,0.733861104,0.715953468,0.738914027,0.734889133,0.733919452,0.731157078
work,RectifierWithDropout,500;250;50,0,0.7,5,-2,0.9999,0,0.001,2,1.00E-07,FALSE,sqrtPlus3Over8,CrossEntropy,0.207424513,0.973985382,0.942234494,1.019046796,1.011366446,0.685067873,0.690219148,0.648005689,0.663348416
work,RectifierWithDropout,500;250;50,0,0,10,-2,0.98,0.01,0,100,1.00E-08,FALSE,sqrtPlus3Over8,CrossEntropy,0.746918562,0.759742518,0.737306935,0.74084183,0.759404271,0.726632191,0.73126899,0.730428599,0.718034906
work,RectifierWithDropout,200;100;50,0.2,0,10,-2,0.99,0,1.00E-04,100,1.00E-07,FALSE,sqrt,CrossEntropy,0.278468221,0.552899637,0.558071345,0.546003041,0.560432534,0.795539754,0.78983774,0.795267955,0.784744667
work,RectifierWithDropout,500;500;250;100,0.2,0.7,15,-2,0.9999,1.00E-04,0.01,2,1.00E-07,FALSE,raw,CrossEntropy,0.63878675,1.209428276,1.305760499,1.16172861,1.19560016,0.588752424,0.554916284,0.589243002,0.577246283
work,RectifierWithDropout,35;17,0.2,0,10,-2,0.98,1.00E-04,0.01,10,1.00E-09,FALSE,raw,CrossEntropy,0.124940866,0.648535472,0.65215091,0.651249348,0.654573151,0.760698125,0.761199819,0.753054496,0.748674855
work,RectifierWithDropout,36;36,0.01,0.7,50,-2,0.95,0,0.01,10,1.00E-06,FALSE,raw,CrossEntropy,0.191745442,0.830330574,0.849560951,0.908753086,0.813780163,0.723464771,0.71446118,0.704829013,0.707756949
work,RectifierWithDropout,1024;512;128,0.1,0.7,50,-2,0.98,0.01,0.001,10,1.00E-07,FALSE,sqrtPlus3Over8,CrossEntropy,1.424834237,2.093235164,2.045891302,1.998812568,2.005350624,0.263606981,0.259616006,0.259745297,0.259211377
work,RectifierWithDropout,35;17,0.5,0.5,50,-2,0.9999,0,0.001,2,1.00E-06,FALSE,sqrt,CrossEntropy,0.149897416,1.623106559,1.673679178,1.414591543,1.445815746,0.474660633,0.450707867,0.556079902,0.505817712
work,RectifierWithDropout,500;500;250;100,0.5,0,10,-2,0.98,1.00E-05,0,20,1.00E-08,FALSE,sqrtPlus3Over8,CrossEntropy,1.446891621,0.585014366,0.600812881,0.564144044,0.588942024,0.776212023,0.771413795,0.788221604,0.778409825
work,RectifierWithDropout,100;50,0,0.7,5,-2,0.999,0.01,0.001,20,1.00E-06,FALSE,sqrtPlus3Over8,CrossEntropy,0.093631904,0.948943398,0.917178482,0.950379025,1.036194401,0.691725921,0.689120176,0.689249467,0.665869425
work,RectifierWithDropout,35;17,0.05,0.7,10,-2,0.999,1.00E-05,1.00E-04,20,1.00E-07,FALSE,sqrtPlus3Over8,CrossEntropy,0.088681108,0.949254947,0.82395618,0.995924857,0.853327001,0.698060763,0.717111643,0.698558407,0.712411118
work,RectifierWithDropout,36;36;36,0,0.2,50,-2,0.95,0.001,0.01,30,1.00E-07,FALSE,sqrtPlus3Over8,CrossEntropy,0.320022955,0.669477262,0.677845001,0.683538661,0.681609285,0.757724628,0.75059797,0.751244424,0.748610213
work,RectifierWithDropout,500;500;250;100,0.1,0,10,-2,0.95,1.00E-04,0.001,2,1.00E-08,FALSE,log,CrossEntropy,1.732193904,0.552214573,0.558839326,0.554549284,0.554498583,0.797672915,0.793522529,0.790807421,0.79114415
work,RectifierWithDropout,36;36,0.05,0.5,25,-2,0.98,1.00E-05,0.001,20,1.00E-09,FALSE,sqrtPlus3Over8,CrossEntropy,0.152052363,0.662557141,0.66916452,0.672962172,0.685383324,0.747317388,0.746396018,0.748658608,0.731738849
work,RectifierWithDropout,500;250;50,0.5,0.1,50,-2,0.99,0.01,1.00E-04,7,1.00E-09,FALSE,log,CrossEntropy,2.291669587,1.011829739,0.969647912,1.058528732,0.989525191,0.653005818,0.65673282,0.642510828,0.652036199
work,RectifierWithDropout,500;500;250;100,0.3,0,15,-2,0.9999,1.00E-05,0,30,1.00E-06,FALSE,sqrt,CrossEntropy,0.787659962,1.965266435,2.092110094,2.220904616,2.325342121,0.263606981,0.259616006,0.229555886,0.259211377
work,RectifierWithDropout,200;100;50,0.02,0.2,10,-2,0.999,0,0.001,7,1.00E-09,FALSE,raw,CrossEntropy,0.366727654,0.526441231,0.533839134,0.535127307,0.532780477,0.795669037,0.793522529,0.784666106,0.79062702
work,RectifierWithDropout,36;36;36,0.1,0.2,50,-2,0.98,1.00E-04,0.001,5,1.00E-06,FALSE,log,CrossEntropy,0.27388075,0.625642755,0.634022069,0.641105345,0.643642061,0.764964447,0.761716982,0.763656345,0.753199741
work,RectifierWithDropout,35;17,0.1,0.5,10,-2,0.999,1.00E-05,0,10,1.00E-07,FALSE,sqrt,CrossEntropy,0.095832721,0.754305362,0.761770259,0.776691521,0.876490072,0.733096315,0.718469196,0.720408559,0.711635423
work,RectifierWithDropout,36;18,0,0.1,25,-2,0.98,1.00E-05,0.001,10,1.00E-07,FALSE,raw,CrossEntropy,0.171543071,0.593383861,0.612819231,0.598265443,0.606391417,0.784486102,0.776197556,0.775551102,0.773755656
work,RectifierWithDropout,36;18,0.1,0.5,50,-2,0.9999,1.00E-04,0,7,1.00E-07,FALSE,log,CrossEntropy,0.146959058,0.942141478,0.95877669,0.944458198,0.952488314,0.691725921,0.668562932,0.682073825,0.669230769
work,RectifierWithDropout,100;20,0.02,0.05,15,-2,0.95,0.01,1.00E-05,7,1.00E-09,FALSE,raw,CrossEntropy,0.26165083,0.848423299,0.871482433,0.859857024,0.857344507,0.695669037,0.695714009,0.697006917,0.693471235
work,RectifierWithDropout,1024;512;256,0.2,0.2,5,-2,0.9999,1.00E-05,0,7,1.00E-09,FALSE,raw,CrossEntropy,1.096433812,0.583476696,0.589525065,0.576967216,0.57519703,0.771299289,0.769474433,0.771478441,0.774725275
work,RectifierWithDropout,200;100;50,0.02,0,10,-2,0.99,0.01,0.001,10,1.00E-06,FALSE,sqrt,CrossEntropy,0.307047204,0.814064025,0.797204617,0.814764366,0.82542456,0.704460246,0.714655117,0.712004654,0.699741435
work,RectifierWithDropout,100;20,0,0.2,15,-2,0.99,1.00E-04,1.00E-04,10,1.00E-07,FALSE,raw,CrossEntropy,0.187747971,0.561675969,0.573624399,0.553908663,0.565263342,0.791467356,0.785829724,0.787381214,0.78435682
work,RectifierWithDropout,100;50,0,0.05,10,-2,0.98,1.00E-05,0.001,3,1.00E-09,FALSE,sqrt,CrossEntropy,0.237183487,0.560266043,0.571582425,0.561266695,0.56992465,0.790497738,0.784860043,0.78828625,0.778539108
work,RectifierWithDropout,36;36,0,0.5,5,-2,0.9999,1.00E-05,0,10,1.00E-07,FALSE,log,CrossEntropy,0.077627838,0.832037826,0.986170361,0.873026839,0.898364325,0.704266322,0.655633848,0.695390782,0.686748546
work,RectifierWithDropout,36;36;36,0.02,0.2,50,-2,0.999,0.01,0.001,7,1.00E-09,FALSE,log,CrossEntropy,0.290202313,0.793327394,0.8001513,0.784051049,0.820637465,0.7291532,0.720667141,0.724739802,0.705235941
work,RectifierWithDropout,200;100;50,0.02,0.2,10,-2,0.99,1.00E-05,1.00E-04,5,1.00E-08,FALSE,raw,CrossEntropy,0.353893571,0.529798324,0.542555901,0.539673563,0.547792442,0.797608274,0.787769087,0.785053979,0.786554622
work,RectifierWithDropout,72;72;72,0.1,0.1,50,-2,0.98,1.00E-05,1.00E-04,20,1.00E-07,FALSE,log,CrossEntropy,0.491579358,0.565688748,0.581005334,0.549136046,0.59222787,0.796638655,0.784666106,0.792358911,0.786425339
work,RectifierWithDropout,72;72;72,0.1,0.2,10,-2,0.95,0.01,1.00E-05,7,1.00E-06,FALSE,log,CrossEntropy,0.153993183,0.868886593,0.882348558,0.849664231,0.880834283,0.699224305,0.689895921,0.698493762,0.692630899
work,RectifierWithDropout,250;125,0.3,0.1,10,-2,0.9999,0.01,0,30,1.00E-09,FALSE,log,CrossEntropy,0.315111363,0.80713592,0.77840621,0.828112614,0.826594883,0.725080802,0.722865085,0.722606503,0.713639302
work,RectifierWithDropout,100;100,0.01,0.05,35,-2,0.98,1.00E-05,1.00E-05,5,1.00E-06,FALSE,sqrt,CrossEntropy,0.404891442,0.610429237,0.619041902,0.61795333,0.61871762,0.784486102,0.787833732,0.776326847,0.775953458
work,RectifierWithDropout,75;150;75,0.01,0.1,50,-2,0.99,0.01,1.00E-05,30,1.00E-07,FALSE,sqrtPlus3Over8,CrossEntropy,0.579418563,0.7776803,0.790627608,0.788963899,0.824921795,0.732514544,0.719697459,0.727519555,0.695604396
work,RectifierWithDropout,500;250;125,0.05,0.1,5,-2,0.999,0.001,0,7,1.00E-08,FALSE,sqrtPlus3Over8,CrossEntropy,0.527099308,0.613089708,0.612726784,0.625221697,0.613252372,0.762895928,0.764561381,0.760036201,0.761667744
work,RectifierWithDropout,36;36,0.01,0.05,50,-2,0.98,0.01,1.00E-04,7,1.00E-09,FALSE,raw,CrossEntropy,0.303887246,0.78070585,0.837071977,0.829659095,0.841430371,0.730833872,0.705281531,0.710582455,0.702003878
work,RectifierWithDropout,500;250;125,0.01,0.3,10,-2,0.999,0.01,1.00E-05,10,1.00E-07,FALSE,log,CrossEntropy,0.55001435,0.859370319,0.958663979,0.904050629,0.943127169,0.714996768,0.653048032,0.691576702,0.683904331
work,RectifierWithDropout,500;500;250;100,0.02,0.1,10,-2,0.95,0.001,1.00E-05,20,1.00E-08,FALSE,sqrtPlus3Over8,CrossEntropy,1.3768259,0.623336138,0.637674058,0.637668503,0.648979493,0.772979961,0.768957269,0.762815954,0.763413058
work,RectifierWithDropout,500;500;250;100,0.3,0.2,50,-2,0.98,0,0.01,7,1.00E-07,FALSE,raw,CrossEntropy,4.495422554,0.695724774,0.690755212,0.698856341,0.685033861,0.749903038,0.745555627,0.747818217,0.751260504
work,RectifierWithDropout,75;150;300,0.01,0.1,50,-2,0.95,0,0.01,20,1.00E-08,FALSE,sqrtPlus3Over8,CrossEntropy,1.588607934,0.612378904,0.599477,0.596819924,0.601970829,0.783775048,0.786217596,0.781433835,0.780155139
work,RectifierWithDropout,75;150;300,0.3,0.2,5,-2,0.9999,0.01,0,7,1.00E-09,FALSE,sqrt,CrossEntropy,0.150124454,1.004082146,1.015987887,1.05945601,1.024439905,0.651454428,0.651302605,0.641023983,0.643826761
work,RectifierWithDropout,36;18,0.01,0.2,35,-2,0.98,0.01,0.001,3,1.00E-09,FALSE,raw,CrossEntropy,0.221644587,0.8670993,0.876445041,0.850141826,0.842811392,0.702844215,0.696360463,0.699980606,0.702456367
work,RectifierWithDropout,75;150;300,0.1,0.2,10,-2,0.98,0.01,0.001,3,1.00E-06,FALSE,sqrtPlus3Over8,CrossEntropy,0.198789658,1.025079597,0.95555554,0.994020108,0.969315137,0.649773756,0.654534876,0.653759131,0.680284421
work,RectifierWithDropout,200;100;50,0.02,0.3,25,-2,0.99,0.001,0,30,1.00E-08,FALSE,raw,CrossEntropy,0.575180262,0.578723893,0.578461815,0.572468707,0.581135488,0.784744667,0.783179262,0.781886353,0.779508727
work,RectifierWithDropout,1024;512;256,0,0.1,50,-2,0.99,0.01,1.00E-05,30,1.00E-09,FALSE,sqrtPlus3Over8,CrossEntropy,7.342232467,0.966190698,0.962564008,0.873225196,0.890126942,0.659469942,0.65815502,0.702695714,0.69217841
work,RectifierWithDropout,75;150;75,0.05,0.3,5,-2,0.98,0.001,0.001,3,1.00E-07,FALSE,sqrtPlus3Over8,CrossEntropy,0.140616946,0.642872821,0.633201169,0.645576176,0.635248609,0.762960569,0.75906652,0.760941237,0.761344538
work,RectifierWithDropout,75;150;75,0.1,0.2,50,-2,0.999,1.00E-04,0,30,1.00E-06,FALSE,raw,CrossEntropy,0.432925796,0.611811053,0.619782588,0.60815563,0.634384179,0.777117001,0.761587692,0.762298791,0.776212023
work,RectifierWithDropout,75;150;75,0.01,0.05,50,-2,0.999,0.01,0.001,5,1.00E-07,FALSE,log,CrossEntropy,0.588827754,0.820739531,0.834083911,0.822295895,0.811206321,0.713897867,0.70896632,0.717628806,0.71564318
work,RectifierWithDropout,250;125,0.1,0.3,50,-2,0.9999,1.00E-04,0,10,1.00E-07,FALSE,raw,CrossEntropy,0.604302775,0.646163183,0.671429246,0.689029904,0.684336738,0.754880414,0.752020169,0.741870838,0.744861021
work,RectifierWithDropout,500;500;250;100,0,0.3,35,-2,0.95,0,0.01,3,1.00E-07,FALSE,sqrtPlus3Over8,CrossEntropy,4.114350124,0.638627099,0.65717824,0.642677435,0.642869831,0.771428571,0.763462409,0.763656345,0.766386555
work,RectifierWithDropout,250;125,0.3,0.05,25,-2,0.98,0,1.00E-05,2,1.00E-06,FALSE,sqrt,CrossEntropy,0.558611088,0.644451115,0.649896651,0.668855301,0.6433492,0.764511959,0.762298791,0.759325102,0.755332902
work,RectifierWithDropout,35;17,0.01,0.1,5,-2,0.98,0.01,0,2,1.00E-09,FALSE,raw,CrossEntropy,0.088541004,0.905359518,0.898362117,0.902706335,0.912786406,0.691273432,0.693322128,0.694162519,0.68907563
work,RectifierWithDropout,50;100,0.2,0.2,35,-2,0.98,0.001,0.01,7,1.00E-08,FALSE,sqrtPlus3Over8,CrossEntropy,0.321483092,0.659158282,0.66262188,0.660105805,0.668514552,0.75468649,0.750921197,0.749175771,0.738590821
work,RectifierWithDropout,36;18,0.3,0,5,-2,0.99,0.01,0.001,10,1.00E-08,FALSE,log,CrossEntropy,0.089949347,0.789053677,0.798760376,0.774618932,0.797131457,0.725662573,0.717887388,0.727584201,0.717388494
work,RectifierWithDropout,75;150;75,0.2,0,35,-2,0.98,0.01,0.01,20,1.00E-09,FALSE,sqrtPlus3Over8,CrossEntropy,0.471312595,0.880616886,0.796239004,0.818287645,0.840815488,0.664318035,0.717176288,0.70431185,0.691402715
work,RectifierWithDropout,2048;1024;512,0,0,10,-2,0.9999,1.00E-05,0,7,1.00E-07,FALSE,raw,CrossEntropy,4.850884775,0.619797358,1.993198152,1.532265439,0.600844922,0.761797027,0.259616006,0.472170147,0.775694893
work,RectifierWithDropout,36;36,0.01,0.05,35,-2,0.9999,0.01,0.001,3,1.00E-07,FALSE,raw,CrossEntropy,0.220058758,1.022846482,0.927703509,1.185128608,0.973078991,0.671040724,0.697588726,0.611610317,0.67343245
work,RectifierWithDropout,36;36,0.05,0,10,-2,0.99,1.00E-04,0.01,10,1.00E-08,FALSE,sqrtPlus3Over8,CrossEntropy,0.123002737,0.583375099,0.593909705,0.589784782,0.592612051,0.781447964,0.775033939,0.776391493,0.770911441
work,RectifierWithDropout,35;17,0.1,0.05,15,-2,0.98,0.01,1.00E-05,20,1.00E-06,FALSE,sqrtPlus3Over8,CrossEntropy,0.126861129,0.755814262,0.789026063,0.746239869,0.753666271,0.725662573,0.725386256,0.729135691,0.720620556
work,RectifierWithDropout,100;100,0.3,0.1,10,-2,0.999,0.01,1.00E-05,30,1.00E-09,FALSE,log,CrossEntropy,0.182302853,0.766115806,0.795846816,0.780914518,0.79795499,0.722947641,0.716853061,0.725774129,0.715319974
work,RectifierWithDropout,100;100,0.3,0.1,50,-2,0.999,1.00E-04,0.01,30,1.00E-09,FALSE,raw,CrossEntropy,0.840484037,0.640650257,0.673722518,0.631056036,0.673103062,0.761344538,0.747430345,0.758484711,0.74479638
work,RectifierWithDropout,250;125,0.3,0.3,50,-2,0.98,0.01,1.00E-05,5,1.00E-06,FALSE,log,CrossEntropy,0.967656771,0.827082631,0.824634335,0.846161072,0.953976711,0.712798966,0.706833021,0.704117913,0.65520362
work,RectifierWithDropout,500;250,0.1,0.1,35,-2,0.98,0,0.001,7,1.00E-06,FALSE,sqrtPlus3Over8,CrossEntropy,1.853210029,0.617962774,0.60661613,0.612648612,0.614652708,0.772527473,0.773353158,0.773288513,0.772462831
work,RectifierWithDropout,100;50,0.1,0.05,35,-2,0.9999,0.001,1.00E-04,3,1.00E-08,FALSE,sqrtPlus3Over8,CrossEntropy,0.376672396,0.63335378,0.62664486,0.685175372,0.659093889,0.768584357,0.764755317,0.751115133,0.753781513
work,RectifierWithDropout,75;150;300,0.1,0.3,35,-2,0.9999,1.00E-04,0.001,10,1.00E-09,FALSE,sqrtPlus3Over8,CrossEntropy,0.844184071,0.569071898,0.578807763,0.578735702,0.568892398,0.785585003,0.772254186,0.778330855,0.776535229
work,RectifierWithDropout,50;100,0,0.1,25,-2,0.9999,1.00E-04,0.001,3,1.00E-09,FALSE,raw,CrossEntropy,0.296885588,0.566711442,0.582119195,0.553020215,0.581104441,0.774789916,0.776650074,0.777102592,0.769941823
work,RectifierWithDropout,50;100,0.02,0.2,15,-2,0.98,0.001,0.001,5,1.00E-06,FALSE,sqrtPlus3Over8,CrossEntropy,0.162875362,0.641879333,0.641269511,0.640001142,0.634430238,0.758564964,0.763656345,0.758807938,0.757659987
work,RectifierWithDropout,500;500;250;100,0.3,0.1,5,-2,0.99,1.00E-04,0.001,3,1.00E-08,FALSE,log,CrossEntropy,0.982911791,0.582654985,0.572732679,0.585453054,0.574324145,0.781835811,0.784795397,0.777813692,0.78073691
work,RectifierWithDropout,100;20,0.01,0.05,25,-2,0.9999,1.00E-04,0.001,2,1.00E-07,FALSE,sqrtPlus3Over8,CrossEntropy,0.246977191,0.871847861,0.895975178,0.798579673,0.815390036,0.694957983,0.679100136,0.712457172,0.703943116
work,RectifierWithDropout,500;250;125,0.01,0.3,50,-2,0.999,1.00E-05,0.01,5,1.00E-06,FALSE,raw,CrossEntropy,2.275369945,0.777845753,0.780808408,0.784536214,0.777394135,0.726438268,0.725386256,0.733272998,0.719004525
work,RectifierWithDropout,200;100;50,0.05,0.3,35,-2,0.95,1.00E-04,0.001,30,1.00E-07,FALSE,sqrt,CrossEntropy,0.666605446,0.575799013,0.574216357,0.577771966,0.589122529,0.790368455,0.798176999,0.793910401,0.791596639
work,RectifierWithDropout,200;100;50,0,0.3,50,-2,0.95,0.01,1.00E-05,2,1.00E-07,FALSE,log,CrossEntropy,0.988611792,1.036550855,1.006744047,1.031206953,0.988531146,0.64272786,0.64826427,0.64826427,0.645507434
work,RectifierWithDropout,2048;1024;512,0.05,0.05,25,-2,0.9999,0.01,0,10,1.00E-08,FALSE,log,CrossEntropy,9.67397125,0.836817048,1.99688595,0.978107016,1.964360671,0.711764706,0.259616006,0.686146487,0.259211377
work,RectifierWithDropout,35;17,0.01,0.1,15,-2,0.999,1.00E-05,1.00E-05,10,1.00E-06,FALSE,sqrt,CrossEntropy,0.111048609,0.672099496,0.642484766,0.634081665,0.669850658,0.737815126,0.756092831,0.761523046,0.753522948
work,RectifierWithDropout,100;50,0,0.7,50,-2,0.999,0.001,0.01,10,1.00E-06,FALSE,log,CrossEntropy,0.275727196,0.879565087,0.810862678,0.819666418,0.883847434,0.70885585,0.715301571,0.714267244,0.701745314
work,RectifierWithDropout,2048;1024;512,0,0.05,25,-2,0.99,0,1.00E-05,10,1.00E-06,FALSE,sqrt,CrossEntropy,10.81782225,0.803310454,0.665610389,0.640169222,0.709204476,0.798319328,0.792358911,0.794880083,0.792954105
work,RectifierWithDropout,100;50,0,0.7,25,-2,0.98,1.00E-04,0.01,7,1.00E-09,FALSE,sqrt,CrossEntropy,0.203373796,0.725671462,0.733082834,0.744097546,0.740917635,0.732579186,0.729329627,0.728747818,0.721202327
work,RectifierWithDropout,250;125,0.05,0.3,50,-2,0.99,1.00E-05,1.00E-05,5,1.00E-07,FALSE,sqrtPlus3Over8,CrossEntropy,1.005413488,0.527652378,0.525724368,0.528658345,0.550839024,0.805042017,0.801021398,0.797724481,0.796444732
work,RectifierWithDropout,72;72;72,0,0.2,5,-2,0.98,0.001,0.001,30,1.00E-09,FALSE,log,CrossEntropy,0.145111954,0.622681574,0.632154062,0.618973574,0.631452857,0.764447317,0.762040209,0.763462409,0.754751131
work,RectifierWithDropout,36;36,0,0.05,35,-2,0.999,0.001,0.001,30,1.00E-06,FALSE,log,CrossEntropy,0.185665367,0.665587316,0.682424203,0.67519612,0.669933197,0.746994182,0.753054496,0.752601978,0.746800259
work,RectifierWithDropout,35;17,0.1,0.1,5,-2,0.9999,0.001,1.00E-05,10,1.00E-07,FALSE,raw,CrossEntropy,0.074122634,0.737309367,0.828357461,0.74803429,0.770379973,0.721654816,0.716659125,0.727778137,0.712992889
work,RectifierWithDropout,100;20,0,0.7,15,-2,0.99,0.01,0.01,30,1.00E-07,FALSE,raw,CrossEntropy,0.131056917,1.090264851,1.057099827,1.16704794,1.214304856,0.672656755,0.654599522,0.641411856,0.648674855
work,RectifierWithDropout,50;100,0,0.1,5,-2,0.99,0,1.00E-04,2,1.00E-06,FALSE,log,CrossEntropy,0.103176858,0.629944311,0.664985734,0.624558047,0.630778366,0.755914674,0.746977827,0.759131166,0.760116354
work,RectifierWithDropout,1024;512;256;128,0.2,0.1,50,-2,0.95,0,0.01,3,1.00E-07,FALSE,log,CrossEntropy,8.751252855,0.64454726,0.679259583,0.641094239,0.684209982,0.763089851,0.756868576,0.760230138,0.754104719
work,RectifierWithDropout,200;100;50,0.3,0.7,10,-2,0.9999,1.00E-04,0.01,7,1.00E-09,FALSE,sqrtPlus3Over8,CrossEntropy,0.162250308,0.794444086,0.831971106,0.810619841,0.823922609,0.725727214,0.715689443,0.720279268,0.717582418
work,RectifierWithDropout,36;18,0,0.2,25,-2,0.9999,0,0.01,10,1.00E-08,FALSE,log,CrossEntropy,0.167982817,0.654061182,0.660357374,0.682346924,0.665672315,0.751971558,0.75130907,0.74439201,0.742146089
work,RectifierWithDropout,100;50,0.1,0.5,35,-2,0.95,0.001,0,30,1.00E-07,FALSE,sqrt,CrossEntropy,0.2736299,0.621866335,0.62315119,0.618851756,0.626800278,0.771945701,0.770508759,0.771995604,0.767226891
work,RectifierWithDropout,200;100;50,0.02,0.7,50,-2,0.99,1.00E-04,0,7,1.00E-06,FALSE,raw,CrossEntropy,0.467956709,0.696572914,0.740825369,0.821390927,0.716291779,0.741564318,0.734953779,0.73747495,0.732514544
work,RectifierWithDropout,250;125,0.2,0,5,-2,0.98,0,1.00E-05,5,1.00E-08,FALSE,raw,CrossEntropy,0.313516442,0.567831392,0.584617685,0.569578962,0.583424816,0.787330317,0.785829724,0.780270218,0.776470588
work,RectifierWithDropout,35;17,0.05,0.7,35,-2,0.9999,0,1.00E-04,20,1.00E-06,FALSE,sqrt,CrossEntropy,0.111111037,1.250853998,1.361929661,1.331580109,1.233835541,0.578345184,0.582002715,0.53817312,0.614479638
work,RectifierWithDropout,500;250,0.3,0.7,5,-2,0.95,0,0,30,1.00E-09,FALSE,sqrt,CrossEntropy,0.323575617,0.692664984,0.712008674,0.7136372,0.725280935,0.738073691,0.729523563,0.728424591,0.719521655
work,RectifierWithDropout,500;250;125,0.3,0.05,5,-2,0.95,1.00E-05,0,30,1.00E-09,FALSE,raw,CrossEntropy,0.969762604,0.621659062,0.641224423,0.640208593,0.645560813,0.765223012,0.763527054,0.761587692,0.76405947
work,RectifierWithDropout,100;50,0.1,0.05,50,-2,0.9999,0.01,0,5,1.00E-07,FALSE,sqrtPlus3Over8,CrossEntropy,0.645058692,0.865139588,1.022525922,0.967584841,0.907302899,0.701163542,0.659189346,0.674510311,0.685003232
work,RectifierWithDropout,36;36;36,0.02,0.2,5,-2,0.999,0.001,0.01,3,1.00E-06,FALSE,sqrtPlus3Over8,CrossEntropy,0.092554342,0.768720421,0.856627863,0.802729174,0.892720428,0.719844861,0.699722025,0.719180296,0.694570136
work,RectifierWithDropout,50;100,0.02,0.3,5,-2,0.9999,0.01,0.01,2,1.00E-08,FALSE,raw,CrossEntropy,0.096382687,0.964621409,0.981683299,0.986660421,0.974788989,0.688299935,0.689314112,0.681556662,0.677052359
work,RectifierWithDropout,100;100,0.05,0.05,25,-2,0.99,1.00E-05,1.00E-05,7,1.00E-08,FALSE,sqrt,CrossEntropy,56.0876004,0.54399017,0.534132627,0.524494324,0.536875443,0.798125404,0.799663844,0.803154696,0.793148028
work,RectifierWithDropout,35;17,0.05,0,10,-2,0.95,0.001,1.00E-04,30,1.00E-06,FALSE,log,CrossEntropy,0.09818435,0.704558639,0.65299069,0.655702294,0.642612193,0.749450549,0.766112871,0.758290775,0.769424693
work,RectifierWithDropout,72;72;72,0.3,0.3,5,-2,0.98,0,0,10,1.00E-08,FALSE,log,CrossEntropy,0.114281896,0.637615228,0.645741732,0.637504633,0.639618223,0.756561086,0.753442369,0.748141444,0.753458306
work,RectifierWithDropout,250;125,0.3,0.7,50,-2,0.999,0.001,0.01,20,1.00E-06,FALSE,raw,CrossEntropy,0.557924359,0.751006187,0.767937762,0.793109115,0.746346298,0.731092437,0.726226647,0.720149977,0.719457014
work,RectifierWithDropout,500;250;125,0.1,0.7,25,-2,0.999,0.001,0,30,1.00E-08,FALSE,log,CrossEntropy,0.808694817,0.615678014,0.62785918,0.623292545,0.612682242,0.76250808,0.768827979,0.754864568,0.756302521
work,RectifierWithDropout,2048;1024;512,0.02,0.05,25,-2,0.99,1.00E-04,0.001,30,1.00E-07,FALSE,sqrt,CrossEntropy,10.40208738,0.559659814,0.569020331,0.542968821,0.558651184,0.800581771,0.795720473,0.80606374,0.796056884
work,RectifierWithDropout,100;50,0.2,0.05,15,-2,0.9999,1.00E-04,1.00E-04,5,1.00E-09,FALSE,sqrt,CrossEntropy,0.214018741,0.545838242,0.565791451,0.544042249,0.559870922,0.791596639,0.783114616,0.786864051,0.780801551
work,RectifierWithDropout,100;50,0.05,0.05,15,-2,0.99,0.01,0.001,30,1.00E-06,FALSE,sqrt,CrossEntropy,0.223747921,0.743773104,0.752791877,0.748813872,0.769061276,0.73438914,0.72519232,0.733402288,0.717259211
work,RectifierWithDropout,35;17,0.02,0.1,25,-2,0.99,1.00E-04,1.00E-05,20,1.00E-09,FALSE,sqrt,CrossEntropy,0.177751191,0.582543713,0.597977265,0.585351741,0.591555427,0.779056238,0.776908656,0.778072274,0.771751778
work,RectifierWithDropout,36;18,0.05,0.1,5,-2,0.95,0,0.001,10,1.00E-09,FALSE,log,CrossEntropy,0.0857985,0.692299597,0.669010626,0.674810659,0.695429359,0.748674855,0.754347404,0.750727261,0.735875889
work,RectifierWithDropout,1024;512;256;128,0,0.3,50,-2,0.99,1.00E-05,1.00E-05,10,1.00E-06,FALSE,sqrt,CrossEntropy,5.3184198,0.561185721,0.607396015,0.608760134,0.54981865,0.807045895,0.799987071,0.807098067,0.802650291
work,RectifierWithDropout,500;500;250;100,0.01,0.1,25,-2,0.98,1.00E-05,1.00E-05,2,1.00E-07,FALSE,raw,CrossEntropy,2.948215354,0.553133506,0.596669998,0.545241231,0.579836031,0.803813833,0.792617493,0.801150688,0.796638655
work,RectifierWithDropout,500;250;125,0.05,0.2,50,-2,0.9999,0.001,1.00E-05,30,1.00E-06,FALSE,sqrt,CrossEntropy,1.471252871,0.683630089,0.712039722,0.703602344,0.698527614,0.747963801,0.738444631,0.7459435,0.744861021
work,RectifierWithDropout,100;100,0.1,0,50,-2,0.999,1.00E-04,0,7,1.00E-09,FALSE,sqrtPlus3Over8,CrossEntropy,0.881450796,0.55766204,0.548634743,0.53859409,0.54638027,0.795604396,0.79449221,0.800051716,0.79269554
work,RectifierWithDropout,1024;512;256,0.3,0.7,5,-2,0.95,1.00E-05,0.001,30,1.00E-07,FALSE,raw,CrossEntropy,0.701633092,0.667380771,0.670078335,0.663175668,0.663287055,0.751195863,0.751632297,0.752925205,0.746929541
work,RectifierWithDropout,500;250;125,0.3,0,5,-2,0.95,0,1.00E-05,30,1.00E-07,FALSE,sqrt,CrossEntropy,0.416104958,0.617231274,0.637347318,0.633708636,0.61203424,0.769877182,0.773159222,0.771478441,0.769230769
work,RectifierWithDropout,250;125,0,0.05,50,-2,0.95,1.00E-04,0,2,1.00E-09,FALSE,sqrtPlus3Over8,CrossEntropy,2.64248145,0.565395901,0.576412284,0.560456967,0.572830115,0.795151907,0.788674122,0.793199302,0.785649644
work,RectifierWithDropout,100;50,0.1,0.05,50,-2,0.99,1.00E-04,0.001,3,1.00E-07,FALSE,sqrt,CrossEntropy,0.577806921,0.560402415,0.565997019,0.55761873,0.572011138,0.789010989,0.787769087,0.788803413,0.784680026
work,RectifierWithDropout,36;36;36,0.01,0.1,5,-2,0.9999,0.01,0,20,1.00E-09,FALSE,sqrt,CrossEntropy,0.086771829,0.803526755,0.827393327,0.807269564,0.815644567,0.727278604,0.715301571,0.721572177,0.716031028
work,RectifierWithDropout,250;125,0.02,0.1,35,-2,0.9999,0.01,1.00E-04,3,1.00E-07,FALSE,sqrt,CrossEntropy,0.950533417,0.911521914,1.066160815,1.017360339,1.145302146,0.702521008,0.635529123,0.666041761,0.583968972
work,RectifierWithDropout,1024;512;256,0.05,0.1,5,-2,0.9999,1.00E-04,1.00E-05,5,1.00E-07,FALSE,log,CrossEntropy,0.860814063,0.65028482,0.776679153,0.629411252,0.667004653,0.73749192,0.719374232,0.765013899,0.752811894
work,RectifierWithDropout,36;36,0.05,0.1,25,-2,0.9999,1.00E-04,0,5,1.00E-07,FALSE,sqrtPlus3Over8,CrossEntropy,0.136450254,0.715014798,0.827617879,0.775318128,0.761135107,0.732385262,0.701273515,0.718598487,0.721590175
work,RectifierWithDropout,500;500;250;100,0.02,0.5,25,-2,0.95,1.00E-05,0,7,1.00E-09,FALSE,sqrt,CrossEntropy,3.344803517,0.584064157,0.597440805,0.581468231,0.586045734,0.784938591,0.779946991,0.782403517,0.778539108
work,RectifierWithDropout,50;100,0.05,0.3,5,-2,0.98,0,0.001,7,1.00E-08,FALSE,log,CrossEntropy,0.1064752,0.620833383,0.606761793,0.598119362,0.605401175,0.755397544,0.765724998,0.767664361,0.764318035
work,RectifierWithDropout,50;100,0.3,0.1,15,-2,0.99,0,1.00E-04,5,1.00E-07,FALSE,raw,CrossEntropy,0.175229496,0.581438808,0.606433188,0.598991125,0.590092958,0.775694893,0.76824617,0.769215851,0.773691015
work,RectifierWithDropout,100;20,0.01,0,5,-2,0.98,0.01,0.001,3,1.00E-09,FALSE,sqrtPlus3Over8,CrossEntropy,0.131261076,0.817301487,0.826749376,0.781188497,0.785575214,0.708920491,0.707091603,0.72674381,0.719198449
work,RectifierWithDropout,36;36,0.1,0.2,10,-2,0.9999,1.00E-04,0.01,20,1.00E-06,FALSE,raw,CrossEntropy,0.088883495,0.98779503,1.241059326,1.097893957,1.103413032,0.675307046,0.486004267,0.631779688,0.609114415
work,RectifierWithDropout,36;18,0.2,0.7,10,-2,0.99,0.001,1.00E-04,30,1.00E-06,FALSE,sqrt,CrossEntropy,0.084220158,0.886061391,0.810196758,1.102876403,1.14221402,0.702908856,0.712974336,0.674898183,0.658177117
work,RectifierWithDropout,2048;1024;512,0.05,0.5,25,-2,0.99,1.00E-04,0.01,20,1.00E-09,FALSE,log,CrossEntropy,17.31283165,0.580448417,0.581551906,0.5803216,0.586041601,0.782611506,0.784213588,0.782274226,0.776535229
work,RectifierWithDropout,100;100,0.01,0.1,50,-2,0.9999,1.00E-04,0.01,3,1.00E-07,FALSE,sqrtPlus3Over8,CrossEntropy,0.556491838,0.930335417,0.787520019,0.822436641,0.794405458,0.681512605,0.697330144,0.71433189,0.707433743
work,RectifierWithDropout,500;250;125,0,0.05,15,-2,0.95,0.001,0.01,3,1.00E-08,FALSE,log,CrossEntropy,1.294037325,0.674189567,0.666262888,0.671413711,0.675609116,0.745572075,0.75751503,0.750210098,0.748610213
work,RectifierWithDropout,36;18,0.1,0.7,5,-2,0.999,1.00E-04,1.00E-04,10,1.00E-09,FALSE,raw,CrossEntropy,0.073615138,0.927696241,0.951796379,0.922899946,0.960074556,0.691725921,0.678518327,0.667593251,0.681060116
work,RectifierWithDropout,50;100,0.2,0.2,25,-2,0.98,1.00E-04,0.001,10,1.00E-06,FALSE,log,CrossEntropy,0.221750412,0.620040736,0.622812235,0.599738945,0.640286701,0.766321913,0.766436098,0.769862305,0.763865546
work,RectifierWithDropout,72;72;72,0.2,0.2,10,-2,0.9999,0,0,30,1.00E-08,FALSE,sqrtPlus3Over8,CrossEntropy,0.133215247,0.620832643,0.629504753,0.620958134,0.624129189,0.765223012,0.762298791,0.765531062,0.764318035
work,RectifierWithDropout,100;50,0.01,0.2,35,-2,0.98,0.001,1.00E-05,10,1.00E-08,FALSE,sqrtPlus3Over8,CrossEntropy,0.472490859,0.574556311,0.578120738,0.580825285,0.576938973,0.787136393,0.779171246,0.78208029,0.781124758
work,RectifierWithDropout,500;250,0.02,0,15,-2,0.98,1.00E-04,0,10,1.00E-06,FALSE,sqrt,CrossEntropy,0.754423024,0.58682355,0.616340207,0.59223097,0.60539492,0.796574014,0.779300537,0.790160967,0.78487395
work,RectifierWithDropout,250;125,0.01,0,15,-2,0.9999,1.00E-05,0.01,10,1.00E-08,FALSE,sqrtPlus3Over8,CrossEntropy,0.531459292,0.657121099,0.672919836,0.676327329,0.646321385,0.754815772,0.743034456,0.746072791,0.753522948
work,RectifierWithDropout,200;100;50,0.01,0.7,10,-2,0.95,0.001,0.001,30,1.00E-09,FALSE,sqrtPlus3Over8,CrossEntropy,0.210489554,0.837784318,0.86254488,0.874490731,0.901214293,0.704395604,0.696360463,0.696360463,0.682676147
work,RectifierWithDropout,100;20,0.2,0.2,25,-2,0.999,0,0.001,3,1.00E-08,FALSE,sqrtPlus3Over8,CrossEntropy,0.24622045,0.566420316,0.580985871,0.566860579,0.575346539,0.77866839,0.768634042,0.777749046,0.776793794
work,RectifierWithDropout,500;500;250;100,0,0,15,-2,0.95,0,1.00E-04,2,1.00E-08,FALSE,raw,CrossEntropy,2.91893798,0.605221043,0.589590281,0.572843609,0.659136864,0.800129282,0.794233629,0.797789127,0.796509373
work,RectifierWithDropout,250;125,0.1,0.3,35,-2,0.95,0,1.00E-04,7,1.00E-07,FALSE,log,CrossEntropy,0.80602645,0.578313456,0.562848305,0.550886663,0.570903644,0.796056884,0.79759519,0.797853772,0.792760181
work,RectifierWithDropout,500;250;125,0.1,0.2,50,-2,0.95,0.01,1.00E-05,7,1.00E-06,FALSE,sqrt,CrossEntropy,2.486690296,1.017684375,1.015776921,1.054101833,1.093755746,0.652230123,0.64813498,0.649557179,0.613316096
work,RectifierWithDropout,500;250,0.2,0.7,35,-2,0.95,1.00E-04,0,7,1.00E-07,FALSE,sqrtPlus3Over8,CrossEntropy,1.139383712,0.580665796,0.579379999,0.596334147,0.587489747,0.787459599,0.786605469,0.774904648,0.78383969
work,RectifierWithDropout,250;125,0,0.2,10,-2,0.95,0.01,1.00E-05,30,1.00E-09,FALSE,sqrt,CrossEntropy,0.382504029,0.870582319,0.875565243,0.880086689,0.881780497,0.698254686,0.691641347,0.697200853,0.688881707
work,RectifierWithDropout,100;50,0.02,0.05,50,-2,0.98,1.00E-05,0,30,1.00E-06,FALSE,log,CrossEntropy,0.427670775,0.733599534,0.685551077,0.669565548,0.720434102,0.783451842,0.784213588,0.785053979,0.782482224
work,RectifierWithDropout,36;36,0.2,0,10,-2,0.9999,0.001,1.00E-05,7,1.00E-09,FALSE,sqrtPlus3Over8,CrossEntropy,0.115261046,0.59824003,0.612797879,0.599003479,0.599170236,0.770911441,0.76669468,0.770120887,0.768325792
work,RectifierWithDropout,1024;512;256;128,0.02,0.1,5,-2,0.99,0,0.001,7,1.00E-06,FALSE,sqrt,CrossEntropy,1.608022054,0.656889695,0.6655002,0.652304809,0.663706762,0.753264383,0.759712974,0.753248432,0.753781513
work,RectifierWithDropout,75;150;300,0.3,0.05,35,-2,0.999,0.01,0,7,1.00E-09,FALSE,sqrt,CrossEntropy,0.738542162,0.873926291,0.977247453,0.95668493,0.954263227,0.679831933,0.677290064,0.662938781,0.651389787
work,RectifierWithDropout,500;500;250;100,0.05,0.3,35,-2,0.9999,1.00E-04,0,7,1.00E-07,FALSE,sqrt,CrossEntropy,2.52854455,0.735737279,0.618761661,0.675495832,0.59959005,0.728829994,0.766306807,0.756480703,0.786231416
work,RectifierWithDropout,100;20,0.01,0.3,15,-2,0.999,1.00E-05,0.001,3,1.00E-08,FALSE,raw,CrossEntropy,0.198141216,0.573055913,0.578521779,0.571663371,0.583939406,0.777375566,0.781692417,0.77600362,0.777504848
work,RectifierWithDropout,50;100,0.05,0.2,35,-2,0.9999,1.00E-05,1.00E-05,20,1.00E-09,FALSE,sqrt,CrossEntropy,0.276588042,0.543402562,0.544465252,0.541243509,0.554456015,0.791725921,0.785959015,0.78828625,0.780155139
work,RectifierWithDropout,200;100;50,0.02,0.3,5,-2,0.99,0.001,0.001,3,1.00E-06,FALSE,sqrt,CrossEntropy,0.156350313,0.635979813,0.701527427,0.662136769,0.653772764,0.761215255,0.742323356,0.75370095,0.748610213
work,RectifierWithDropout,75;150;75,0.01,0.1,10,-2,0.9999,0,1.00E-04,7,1.00E-07,FALSE,log,CrossEntropy,0.147892788,0.610841529,0.747382969,0.75575835,0.742966362,0.767873303,0.735018424,0.727260974,0.735875889
work,RectifierWithDropout,75;150;75,0.05,0.05,25,-2,0.95,1.00E-05,0,20,1.00E-09,FALSE,log,CrossEntropy,0.642992858,0.559571459,0.574302241,0.56161196,0.565139583,0.795022624,0.789449867,0.791453875,0.789722043
work,RectifierWithDropout,100;100,0.1,0.5,5,-2,0.99,1.00E-05,1.00E-05,2,1.00E-07,FALSE,sqrtPlus3Over8,CrossEntropy,0.103216859,0.607822535,0.612399825,0.615457819,0.631740031,0.769166128,0.764044217,0.757256448,0.757336781
work,RectifierWithDropout,75;150;300,0,0,35,-2,0.98,1.00E-05,1.00E-04,5,1.00E-09,FALSE,sqrtPlus3Over8,CrossEntropy,2.053211466,0.573331119,0.587913791,0.569423293,0.584023487,0.792243051,0.790354903,0.794621501,0.78539108
work,RectifierWithDropout,100;20,0,0.2,50,-2,0.98,1.00E-04,0,2,1.00E-08,FALSE,sqrt,CrossEntropy,0.548507712,0.573479225,0.570828365,0.565602593,0.574563544,0.784033613,0.787122632,0.784924688,0.783193277
work,RectifierWithDropout,2048;1024;512,0.05,0.7,10,-2,0.999,0.01,1.00E-04,5,1.00E-06,FALSE,log,CrossEntropy,2.737771851,1.234865816,1.149633284,1.121557082,1.339721456,0.605688429,0.588661193,0.631456461,0.558952812
work,RectifierWithDropout,200;100;50,0,0.2,50,-2,0.999,0,0,7,1.00E-07,FALSE,sqrt,CrossEntropy,0.737778883,0.609041057,0.660781251,0.615388382,0.59611931,0.794764059,0.791712457,0.78899735,0.791919845
work,RectifierWithDropout,100;20,0.01,0.7,10,-2,0.99,1.00E-04,1.00E-04,2,1.00E-09,FALSE,raw,CrossEntropy,0.105457704,0.925385686,0.928022307,0.944956256,0.911073658,0.699224305,0.686922232,0.670696231,0.694634777
work,RectifierWithDropout,2048;1024;512,0.2,0.2,15,-2,0.99,0.01,0,20,1.00E-07,FALSE,sqrtPlus3Over8,CrossEntropy,3.4265564,2.035324104,2.308490173,2.083772486,2.090631138,0.263606981,0.259616006,0.259745297,0.259211377
work,RectifierWithDropout,100;100,0.1,0.7,15,-2,0.999,0.001,1.00E-04,20,1.00E-07,FALSE,sqrtPlus3Over8,CrossEntropy,0.132697758,0.710942267,0.673393447,0.720757272,0.703335952,0.742016807,0.74128903,0.740060767,0.742016807
work,RectifierWithDropout,100;20,0,0.1,15,-2,0.99,1.00E-05,1.00E-05,7,1.00E-06,FALSE,raw,CrossEntropy,0.168318667,0.593009748,0.583683835,0.583971209,0.585538316,0.774854557,0.783955007,0.778072274,0.780284421
work,RectifierWithDropout,100;50,0.1,0.1,5,-2,0.95,1.00E-04,1.00E-05,3,1.00E-09,FALSE,sqrt,CrossEntropy,0.142898608,0.627565964,0.627527118,0.626779993,0.629857916,0.768325792,0.767922943,0.763527054,0.760633484
work,RectifierWithDropout,72;72;72,0.05,0.7,25,-2,0.9999,0.01,0.001,20,1.00E-08,FALSE,raw,CrossEntropy,0.184205367,1.109052318,1.236443421,1.306375207,1.366963011,0.694053006,0.592863146,0.579222962,0.591596639
work,RectifierWithDropout,100;100,0.3,0.05,5,-2,0.98,1.00E-04,1.00E-04,7,1.00E-08,FALSE,log,CrossEntropy,0.157410304,0.584187956,0.583466687,0.5838288,0.589433486,0.781447964,0.780270218,0.778524792,0.770071105
work,RectifierWithDropout,1024;512;256,0.2,0.05,35,-2,0.95,0.01,0,30,1.00E-06,FALSE,raw,CrossEntropy,3.743966042,0.981860487,2.318035611,1.441974884,0.956363934,0.663219134,0.259616006,0.523757192,0.676276665
work,RectifierWithDropout,35;17,0.1,0.3,10,-2,0.99,1.00E-05,0,3,1.00E-07,FALSE,sqrt,CrossEntropy,0.089611,0.628481859,0.645500067,0.633270126,0.655014678,0.76509373,0.758096839,0.752084815,0.743568197
work,RectifierWithDropout,35;17,0.01,0.2,10,-2,0.95,0.01,0.001,2,1.00E-07,FALSE,sqrt,CrossEntropy,0.106451867,0.847979766,0.860969978,0.854709325,0.885205492,0.702391726,0.694679682,0.698493762,0.686102133
work,RectifierWithDropout,1024;512;256;128,0.05,0.2,25,-2,0.99,0,0.001,5,1.00E-09,FALSE,raw,CrossEntropy,7.431672566,0.499596079,0.513060169,0.489083667,0.500769363,0.811700065,0.802185015,0.80832633,0.803878474
work,RectifierWithDropout,75;150;75,0,0.2,15,-2,0.98,1.00E-04,0,30,1.00E-08,FALSE,sqrtPlus3Over8,CrossEntropy,0.318992254,0.55376482,0.551648656,0.546238446,0.564752314,0.785972851,0.790807421,0.790096322,0.784421461
work,RectifierWithDropout,75;150;75,0.05,0.05,25,-2,0.9999,1.00E-05,1.00E-04,5,1.00E-09,FALSE,log,CrossEntropy,0.404851588,0.564206708,0.548773016,0.557050996,0.579425879,0.783710407,0.797659836,0.78912664,0.787265676
work,RectifierWithDropout,200;100;50,0.1,0.7,15,-2,0.98,1.00E-05,0,5,1.00E-08,FALSE,raw,CrossEntropy,0.251555472,0.686215098,0.707915065,0.710998894,0.709332069,0.74479638,0.735858814,0.737862822,0.731997414
work,RectifierWithDropout,1024;512;256;128,0.2,0.7,50,-2,0.98,1.00E-04,0.001,2,1.00E-06,FALSE,sqrt,CrossEntropy,4.147291637,0.652605076,0.681993514,0.67418835,0.689682234,0.748674855,0.750533325,0.750856552,0.743632838
work,RectifierWithDropout,1024;512;256;128,0.01,0.1,10,-2,0.999,1.00E-04,1.00E-04,3,1.00E-08,FALSE,sqrtPlus3Over8,CrossEntropy,1.878076712,0.524908058,0.533801232,0.523794851,0.538086743,0.798319328,0.797207318,0.794427565,0.789463478
work,RectifierWithDropout,500;250;125,0.02,0.5,35,-2,0.95,0.001,0.001,7,1.00E-09,FALSE,log,CrossEntropy,2.318277496,0.670305307,0.678387244,0.670529184,0.683949592,0.75468649,0.752731269,0.748141444,0.740336134
work,RectifierWithDropout,500;500;250;100,0,0.2,25,-2,0.98,1.00E-04,1.00E-05,7,1.00E-06,FALSE,raw,CrossEntropy,1.755963158,0.551014464,0.602223188,0.582508241,0.585810409,0.794505495,0.78363178,0.791971039,0.787459599
work,RectifierWithDropout,1024;512;256;128,0.01,0.05,5,-2,0.98,1.00E-04,1.00E-04,30,1.00E-08,FALSE,sqrtPlus3Over8,CrossEntropy,1.771431517,0.578487905,0.56507042,0.591898047,0.579868933,0.792243051,0.786928696,0.779559118,0.782740789
work,RectifierWithDropout,1024;512;256;128,0,0.3,50,-2,0.9999,0.01,1.00E-05,7,1.00E-08,FALSE,raw,CrossEntropy,2.693346546,2.175973842,2.105068777,1.964465635,2.234879285,0.263606981,0.259616006,0.259745297,0.259211377
work,RectifierWithDropout,75;150;75,0,0,5,-2,0.999,1.00E-05,1.00E-05,20,1.00E-08,FALSE,raw,CrossEntropy,0.17236615,0.536638561,0.5582295,0.526964115,0.557954605,0.792243051,0.783567134,0.794750792,0.787976729
work,RectifierWithDropout,75;150;300,0.3,0,25,-2,0.9999,1.00E-04,0,20,1.00E-09,FALSE,raw,CrossEntropy,0.639956154,0.549895991,0.578243437,0.548026965,0.546425651,0.789980608,0.784536816,0.785118624,0.784486102
work,RectifierWithDropout,100;50,0.2,0.1,10,-2,0.99,0.001,1.00E-04,7,1.00E-06,FALSE,sqrtPlus3Over8,CrossEntropy,0.139585259,0.651721957,0.628970016,0.618276607,0.63875158,0.754492566,0.760488719,0.766371453,0.753393665
work,RectifierWithDropout,1024;512;256;128,0.05,0.7,50,-2,0.999,0.01,0,5,1.00E-09,FALSE,sqrt,CrossEntropy,1.536042788,1.961154768,1.959272845,1.961645985,2.198277433,0.263606981,0.259616006,0.259745297,0.259211377
work,RectifierWithDropout,500;500;250;100,0.3,0.5,5,-2,0.98,1.00E-04,0.01,30,1.00E-07,FALSE,log,CrossEntropy,0.556125171,0.698486465,0.691165962,0.677535216,0.671372694,0.743115708,0.747107117,0.749369707,0.746218487
work,RectifierWithDropout,250;125,0,0,15,-2,0.99,1.00E-04,0,30,1.00E-09,FALSE,sqrt,CrossEntropy,0.95548255,0.551694347,0.565383342,0.553800939,0.550425449,0.798901099,0.794880083,0.795267955,0.7937298
work,RectifierWithDropout,200;100;50,0.2,0,25,-2,0.999,0,0.01,10,1.00E-08,FALSE,sqrtPlus3Over8,CrossEntropy,0.673153124,0.626702268,0.634090566,0.616942778,0.633309319,0.761667744,0.764367445,0.756545349,0.757142857
work,RectifierWithDropout,500;250;125,0.02,0.1,10,-2,0.98,0.01,0,5,1.00E-09,FALSE,sqrtPlus3Over8,CrossEntropy,0.691471271,0.99663111,1.006134391,1.035746985,1.013865758,0.627666451,0.630874653,0.617816278,0.637556561
work,RectifierWithDropout,200;100;50,0.05,0.05,50,-2,0.95,0.01,0,10,1.00E-08,FALSE,sqrt,CrossEntropy,1.127145354,0.782386363,0.799079137,0.773713632,0.805838309,0.721008403,0.72053785,0.723964057,0.712605042
work,RectifierWithDropout,500;250;125,0.3,0.5,10,-2,0.9999,0,1.00E-05,7,1.00E-09,FALSE,sqrt,CrossEntropy,0.428660775,0.594852294,0.607999701,0.601336778,0.621128005,0.777634131,0.768569397,0.76527248,0.758241758
work,RectifierWithDropout,35;17,0,0.1,5,-2,0.98,0.001,1.00E-04,7,1.00E-07,FALSE,sqrtPlus3Over8,CrossEntropy,0.090496,0.607043953,0.61563514,0.603082652,0.616452825,0.772010343,0.769151206,0.770831987,0.76147382
work,RectifierWithDropout,200;100;50,0.3,0.3,5,-2,0.95,0,0,20,1.00E-06,FALSE,log,CrossEntropy,0.151492778,0.641990022,0.62188403,0.621409279,0.650611296,0.764382676,0.76669468,0.770120887,0.760116354
work,RectifierWithDropout,100;100,0.2,0.5,50,-2,0.999,0.001,0.001,30,1.00E-09,FALSE,raw,CrossEntropy,0.525395959,0.602430246,0.612435754,0.612295096,0.6212663,0.763994829,0.768116879,0.762622018,0.759599224
work,RectifierWithDropout,72;72;72,0,0.2,15,-2,0.99,1.00E-04,1.00E-04,7,1.00E-07,FALSE,sqrtPlus3Over8,CrossEntropy,0.213185396,0.547985647,0.562592031,0.552060304,0.570244498,0.791014867,0.784924688,0.784795397,0.782740789
work,RectifierWithDropout,36;36,0.02,0.3,25,-2,0.98,0.001,1.00E-05,2,1.00E-09,FALSE,raw,CrossEntropy,0.199020363,0.663317203,0.667582653,0.661891221,0.667826639,0.748028442,0.747818217,0.753183787,0.743309632
work,RectifierWithDropout,500;250;125,0.05,0.7,35,-2,0.98,0,1.00E-04,10,1.00E-06,FALSE,raw,CrossEntropy,0.9047758,0.591174755,0.613732218,0.598451141,0.614650047,0.773367809,0.774710712,0.767729006,0.766903685
work,RectifierWithDropout,500;250,0.2,0.5,5,-2,0.9999,0,1.00E-05,7,1.00E-09,FALSE,sqrt,CrossEntropy,0.281810517,0.654213387,0.594552753,0.581902218,0.603296396,0.756819651,0.767664361,0.76669468,0.762895928
work,RectifierWithDropout,36;18,0.1,0.1,35,-2,0.999,1.00E-04,0.001,5,1.00E-09,FALSE,sqrtPlus3Over8,CrossEntropy,0.223965412,0.564422167,0.569721262,0.557566009,0.569999752,0.784292178,0.783825716,0.78220958,0.780090498
work,RectifierWithDropout,75;150;75,0.01,0.7,50,-2,0.95,0,1.00E-05,2,1.00E-08,FALSE,sqrt,CrossEntropy,0.464915012,0.762152414,0.737795348,0.774839427,0.762159178,0.722753717,0.724739802,0.725450902,0.714285714
work,RectifierWithDropout,2048;1024;512,0.02,0.5,5,-2,0.98,1.00E-05,1.00E-04,2,1.00E-06,FALSE,raw,CrossEntropy,2.41659605,0.648243945,0.645715106,0.665107037,0.629996028,0.758435682,0.762751309,0.748917189,0.772333549
work,RectifierWithDropout,200;100;50,0,0.2,25,-2,0.98,0,1.00E-05,5,1.00E-08,FALSE,raw,CrossEntropy,0.708864834,0.533800863,0.549832367,0.528862585,0.538853193,0.798707175,0.801603206,0.795591182,0.798125404
box,activation,hiddenLayers,inputdropout,dropout,epochs,trainSamplesPerIteration,rho,l1,l2,maxw2,epsilon,balance_classes,dataTransformation,lossFunction,executionTime,logLoss1,logLoss2,logLoss3,logLoss4,accuracy1,accuracy2,accuracy3,accuracy4
i5,RectifierWithDropout,500;250;50,,0.1,25,1000,0.999,1e-04,0,100,,FALSE,raw,automatic,,0.5348825254,0.5451128659,0.5368406731,0.5425962736,0.8084033613,0.8080677484,0.8066455492,0.8056884292
i5,RectifierWithDropout,100;50,0,0,10,10000,0.99,1e-05,0.001,10,1e-08,FALSE,raw,automatic,0.6211591999,0.5350339335,0.5544801006,0.5362093391,0.5437100448,0.7985132515,0.7928760747,0.7928760747,0.7915966387
i5,RectifierWithDropout,100;50,0,0,10,10000,0.99,1e-05,0.001,10,1e-08,FALSE,raw,automatic,0.6398024877,0.5359049117,0.563145429,0.5407666523,0.544227635,0.7991596639,0.7928114293,0.7913892301,0.7926308985
i5,RectifierWithDropout,100;50,0,0,10,1000,0.99,1e-05,0.001,10,1e-08,FALSE,raw,automatic,0.7856901,0.5368695532,0.5459079828,0.537839771,0.5439772468,0.799741435,0.7972719633,0.7899670308,0.7901098901
i5,RectifierWithDropout,100;50,0,0,10,-2,0.99,1e-05,0.001,10,1e-08,FALSE,raw,automatic,0.6415366997,0.541549712,0.5536175464,0.5473509328,0.552024343,0.7968972204,0.792294266,0.788609477,0.7866192631
i5,RectifierWithDropout,100;50,0,0,10,10000,0.99,1e-05,0.001,10,1e-08,FALSE,raw,automatic,0.68483075,0.5423466883,0.551525831,0.5415557697,0.5624099747,0.7963800905,0.7913245847,0.7891912858,0.7812540401
i5,RectifierWithDropout,100;50,0,0,10,0,0.99,1e-05,0.001,10,1e-08,FALSE,raw,automatic,0.6071793159,0.5424547903,0.5524079835,0.546267976,0.5473426786,0.7954104719,0.7912599392,0.7883508953,0.7867485456
i5,RectifierWithDropout,100;50,0,0,10,100,0.99,1e-05,0.001,10,1e-08,FALSE,raw,automatic,1.7747895966,0.5454334559,0.5459309558,0.5476720682,0.5604803451,0.7940530058,0.7917124572,0.7897730946,0.7873303167
i5,RectifierWithDropout,100;50,0,0,10,0,0.99,1e-05,0.001,10,1e-08,FALSE,raw,automatic,0.5968413035,0.5457023561,0.552456218,0.539706142,0.5546512122,0.7951519069,0.7900963217,0.7897084492,0.783387201
i5,RectifierWithDropout,100;50,0,0,10,1,0.99,1e-05,0.001,10,1e-08,FALSE,raw,automatic,21.6062249045,0.5470470867,0.5535090953,0.5421254517,0.5501083313,0.7976729153,0.7956558278,0.7900963217,0.7922430511
i5,RectifierWithDropout,100;50,0,0,10,-2,0.99,1e-05,0.001,10,1e-08,FALSE,raw,automatic,0.6024373045,0.5483976249,0.5481470394,0.5310610056,0.5403344753,0.7963800905,0.7955911824,0.7950093736,0.7891402715
i5,RectifierWithDropout,100;50,0,0,10,10000,0.99,1e-05,0.001,10,1e-08,FALSE,raw,automatic,0.6596563707,0.5490049127,0.5513425665,0.5307805202,0.5524171653,0.7944408533,0.7931346564,0.7948800827,0.7932126697
i5,RectifierWithDropout,100;100,,0.1,25,10000,0.98,1e-04,1e-04,10,,TRUE,raw,automatic,,0.5492503746,0.5687035691,0.5483591577,0.5509570113,0.7965740142,0.7965608637,0.7920356843,0.7928894635
i5,RectifierWithDropout,35;17,0.02,0.1,5,-2,0.9999,0.001,1e-05,100,1e-09,FALSE,raw,automatic,0.1364342709,0.5942650613,0.6257971813,0.6096042812,0.6128032717,0.7673561732,0.762428082,0.7651431896,0.7631544926
i5,RectifierWithDropout,36;36,,0.2,25,-2,0.99,0.001,1e-04,10,,FALSE,raw,automatic,,0.5969848557,0.6090809865,0.5996276793,0.6045015776,0.7744667098,0.7729652854,0.7691512056,0.7656108597
i5,RectifierWithDropout,100;100,,0.7,25,0,0.95,0,1e-05,1000,,TRUE,raw,automatic,,0.6661072901,0.6653460536,0.6609024005,0.6630614392,0.7539754363,0.751955524,0.7532484323,0.7447963801
i5,RectifierWithDropout,36;36,0,0.5,5,10000,0.999,1e-05,0,100,1e-09,FALSE,raw,automatic,6.4290732741,0.6673494101,0.6818822224,0.702816304,0.741327199,0.7507433743,0.7441980736,0.7445213007,0.7341305753
i5,RectifierWithDropout,500;500;250;100,0,0.2,25,1000,0.95,0,0,100,1e-08,TRUE,raw,automatic,,0.7134064362,0.731197991,0.7214609744,0.7024245352,0.8102779573,0.8037365053,0.8058051587,0.805365223
i5,RectifierWithDropout,100;20,0.1,0.5,25,-2,0.999,1e-04,0,1000,1e-07,TRUE,raw,automatic,0.9530331582,0.7272357163,0.6703677485,0.6522654833,0.8054011227,0.7375565611,0.742258711,0.7499515159,0.7162895928
i5,RectifierWithDropout,100;50,0.5,0.5,15,-2,0.99,0,0.01,10,1e-09,TRUE,raw,automatic,0.9277463833,0.7367288367,0.74567274,0.7243584058,0.7424736794,0.7363283775,0.7292003362,0.7354709419,0.7288946348
i5,RectifierWithDropout,36;36;36,,0.1,100,-2,0.98,0.01,1e-04,100,,TRUE,raw,automatic,,0.7441771,0.8010157749,0.7621769918,0.767600174,0.7332255979,0.7217014675,0.7301700175,0.7212023271
i5,TanhWithDropout,200;100;50,,0.1,25,-2,0.98,1e-05,0.01,1,,FALSE,raw,automatic,,0.7498333161,0.7645477657,0.7682318135,0.7585999986,0.734841629,0.7292003362,0.7330144159,0.727343245
i5,RectifierWithDropout,36;18,,0.7,50,0,0.98,0,0,1000,,FALSE,raw,automatic,,0.7818099126,0.8033878522,1.0744331659,0.8368893234,0.723852618,0.7180813239,0.6061154567,0.7104072398
i5,RectifierWithDropout,35;17,0,0.1,25,-2,0.95,0.001,1e-05,1,1e-07,TRUE,raw,automatic,1.7779203037,0.7891318293,0.8021587269,0.8100159213,0.8024093419,0.7151906917,0.7133622083,0.7081259293,0.7133807369
i5,TanhWithDropout,500;250;50,,0,100,1000,0.99,0.001,1e-05,1,,TRUE,raw,automatic,,0.80793392,0.7647589631,0.8010783906,0.8081284998,0.7281835811,0.7247398022,0.7258387743,0.7181641888
i5,RectifierWithDropout,35;17,0.05,0.1,50,10000,0.9999,0.01,0,100,1e-08,FALSE,raw,automatic,0.8685224215,0.8131090992,0.8213357221,0.810628216,0.8139295512,0.729217841,0.7107763915,0.7237054755,0.7156431803
i5,RectifierWithDropout,100;20,,0.7,50,1,0.999,1e-04,1e-05,100,,FALSE,raw,automatic,,0.8422241347,0.7750888145,0.8589332722,0.8408404241,0.714738203,0.7366992049,0.7343073243,0.7297349709
i5,RectifierWithDropout,1024;512;128,0.5,0.2,5,-2,0.98,0.001,0.01,1,1e-09,FALSE,raw,automatic,3.4713899871,0.8737412543,0.8713110023,0.8800574638,0.8817071205,0.6948287007,0.6908009568,0.6928049648,0.6931480284
i5,RectifierWithDropout,100;100,0.1,0.1,10,-2,0.98,0.01,1e-05,100,1e-06,FALSE,raw,automatic,0.5157771081,0.8741669157,0.8455119608,0.8674785438,0.8211119438,0.6998060763,0.7173702243,0.7000452518,0.7067226891
i5,RectifierWithDropout,36;36,0.01,0.5,5,-2,0.999,0,1e-04,1000,1e-06,TRUE,raw,automatic,0.3489097546,0.8795232193,0.7093943139,0.7862470143,0.7436426887,0.6947640595,0.7443273644,0.7284892365,0.7299288946
i5,TanhWithDropout,36;36;36,,0,10,10000,0.99,0.01,0.001,10,,FALSE,raw,automatic,,0.8812177659,0.8783958988,0.9105282843,0.8575835391,0.7118293471,0.7087723835,0.7090309652,0.7118293471
i5,RectifierWithDropout,500;250;50,0.05,0.1,15,-2,0.98,0.01,1e-04,100,1e-07,FALSE,raw,automatic,2.7082343916,0.8980157703,1.0584496509,1.9621609052,0.8581001517,0.7118293471,0.5934449544,0.259745297,0.7117647059
i5,RectifierWithDropout,100;20,0,0.2,5,-2,0.98,0.01,0.01,10,1e-06,FALSE,raw,automatic,0.2403144211,0.9186427931,0.9371326927,0.9191515229,0.9214641287,0.6944408533,0.6899605663,0.7021139052,0.6899159664
i5,TanhWithDropout,500;250;50,,0.7,50,-2,0.999,0.001,1e-05,100,,TRUE,raw,automatic,,0.9452676021,1.0038930841,0.973098476,0.9664366386,0.6993535876,0.6884090762,0.6900898571,0.687394958
i5,MaxoutWithDropout,36;18,0.2,0.2,15,-2,0.9999,0,0.001,10,1e-09,FALSE,raw,automatic,0.6050508539,1.024160369,0.9514389304,0.9823156615,0.9945724504,0.6608920491,0.6774840003,0.6842717693,0.6661279897
i5,TanhWithDropout,500;500;250;100,,0,10,10000,0.9999,0.001,0.01,10,,FALSE,raw,automatic,,1.0794527259,1.0409838076,1.0017385752,0.8992247691,0.6586296057,0.6320382701,0.6935807098,0.6958629606
i5,TanhWithDropout,36;36,0,0.7,10,-2,0.95,0.01,0.01,100,1e-07,FALSE,raw,automatic,0.3658216248,1.1078144631,1.0939256836,1.1151454659,1.1389280651,0.6629605688,0.6638438167,0.6624862628,0.6504201681
i5,MaxoutWithDropout,100;50,0,0.1,5,-2,0.95,0.01,0,100,1e-06,TRUE,raw,automatic,1.6036768754,1.1212400335,1.050765122,1.1548825068,1.1985865428,0.6378797673,0.6522076411,0.6202728037,0.6254040078
i5,TanhWithDropout,200;100;50,,0.2,25,1000,0.9999,1e-05,0.001,1,,TRUE,raw,automatic,,1.1995378292,1.2792194535,1.3960853619,1.4111002937,0.6451842275,0.5711422846,0.570431185,0.616612799
i5,MaxoutWithDropout,100;20,0.02,0.2,5,-2,0.999,0,0.01,100,1e-08,TRUE,raw,automatic,1.3808237294,1.2533544928,1.202131124,1.2379004946,1.3019206938,0.5972850679,0.6194324132,0.6213717758,0.6122818358
i5,TanhWithDropout,35;17,0.05,0.5,5,-2,0.98,0.01,1e-04,1,1e-08,FALSE,raw,automatic,0.2520417541,1.3061711493,1.2842829505,1.2941646921,1.2954367652,0.5848739496,0.5846531773,0.5863339582,0.5844214609
i5,RectifierWithDropout,100;20,,0,5,100,0.95,1e-04,1e-05,0.1,,FALSE,raw,automatic,,1.3594916684,1.3529091616,1.345214125,1.3570442408,0.5789269554,0.5484517422,0.5756028185,0.5703943116
i5,RectifierWithDropout,36;36;36,0.2,0.7,10,1000,0.999,1e-05,0.001,100,1e-06,FALSE,raw,automatic,10.2207752466,1.3710904083,1.1148290565,1.3034067911,1.2341689337,0.5216548158,0.7070916026,0.6755446377,0.6208144796
i5,RectifierWithDropout,36;36;36,0.01,0.2,5,-2,0.99,1e-05,0.001,0.1,1e-08,TRUE,raw,automatic,0.5028269996,1.462341767,1.5151030028,1.4853939282,1.4908267633,0.4702650291,0.4799275971,0.4770185532,0.4760180995
i5,MaxoutWithDropout,500;250;50,0.02,0.2,5,-2,0.98,0.001,0,100,1e-06,FALSE,raw,automatic,6.4284967502,1.4811560897,1.5083609369,1.4254182041,1.5053239477,0.5069166128,0.5342297498,0.5319025147,0.5117647059
i5,TanhWithDropout,200;100;50,0.05,0.5,10,-2,0.95,0,0.01,0.1,1e-07,FALSE,raw,automatic,2.4575220088,1.5347384824,1.5225048805,1.5295840073,1.5362219884,0.478539108,0.4802508242,0.4785700433,0.4769230769
i5,MaxoutWithDropout,100;50,0.05,0,5,-2,0.9999,1e-05,0.001,1,1e-09,TRUE,raw,automatic,1.7270744582,1.661799544,1.8383466909,1.7435542922,1.6733238405,0.4475113122,0.4570431185,0.4481220506,0.485520362
i5,TanhWithDropout,500;250;50,,0.7,10,1000,0.99,1e-05,0.001,0.1,,TRUE,raw,automatic,,1.6964818268,1.7189481904,1.7220741107,1.7006591246,0.4756948933,0.4702954296,0.4660934773,0.4718164189
i5,TanhWithDropout,100;100,0.2,0.7,5,10000,0.9999,1e-04,1e-04,1000,1e-06,TRUE,raw,automatic,0.9974570831,1.7113561544,1.2020491952,2.0486081678,1.7323800023,0.5391079509,0.5814855517,0.5762492727,0.5533290239
i5,RectifierWithDropout,36;18,0.02,0.5,15,-2,0.999,1e-04,0.01,0.1,1e-09,FALSE,raw,automatic,0.3057829032,1.817989939,1.7858419432,1.7908326304,1.8068535003,0.4591467356,0.4612450708,0.4682267761,0.4771816419
i5,RectifierWithDropout,100;20,,0.2,25,1000,0.9999,1e-05,0.01,0.1,,FALSE,raw,automatic,,1.8611403583,1.848619661,1.7978938084,1.9651252529,0.3237879767,0.4759195811,0.3402288448,0.3375565611
i5,RectifierWithDropout,500;500;250;100,0.5,0,50,100,0.999,0.01,0,10,1e-09,FALSE,raw,automatic,,1.8687479304,3.080051488,1.9652340093,2.4381419345,0.3027149321,0.3607214429,0.259745297,0.3649644473
i5,MaxoutWithDropout,36;36,,0.1,100,1000,0.95,1e-04,1e-04,1,,FALSE,raw,automatic,,1.8783332988,1.9011787529,1.9240796796,1.9034751968,0.4166774402,0.4657056048,0.4434675803,0.3817065288
i5,MaxoutWithDropout,36;36,,0,10,1000,0.98,0.001,0,1,,TRUE,raw,automatic,,1.8831643919,1.9704856219,1.9128211664,1.9110124824,0.4186166774,0.2826944211,0.2689249467,0.2536522301
i5,MaxoutWithDropout,35;17,0.2,0.5,15,-2,0.95,0.001,0.01,10,1e-08,TRUE,raw,automatic,1.1477780581,1.8898018255,1.7772970581,1.8201896591,1.7780131352,0.3507433743,0.4607925528,0.3973107505,0.4616031028
i5,RectifierWithDropout,36;36;36,0.2,0.7,25,-2,0.999,1e-05,0.001,0.1,1e-08,TRUE,raw,automatic,0.9025286247,1.9241799739,1.9390317761,1.9237951983,1.9399477416,0.2985778927,0.2730622535,0.3009244295,0.4526826115
i5,MaxoutWithDropout,500;250;50,0.2,0,5,-2,0.99,1e-04,0.01,10,1e-08,FALSE,raw,automatic,8.9562304586,1.9256795918,1.788701268,1.6901203124,1.4337654603,0.445572075,0.4545865925,0.4615682979,0.4701357466
i5,MaxoutWithDropout,35;17,0,0.2,5,-2,0.95,1e-05,1e-04,1,1e-09,FALSE,raw,automatic,0.2542416334,1.9340776621,1.9417441583,1.9463966099,1.9476031502,0.2659987072,0.2596160062,0.259745297,0.2592760181
i5,MaxoutWithDropout,36;36;36,0.5,0.7,25,-2,0.99,0.001,1e-05,1000,1e-08,FALSE,raw,automatic,0.8579413245,1.936614764,1.9461011503,1.9411550031,1.9367093186,0.4055591467,0.2596160062,0.4518068395,0.410730446
i5,MaxoutWithDropout,200;100;50,,0.2,50,100,0.9999,0.01,0.001,100,,TRUE,raw,automatic,,1.951732519,1.9606898502,1.8678909118,1.9443719669,0.2636069813,0.2596160062,0.2989204215,0.2993535876
i5,MaxoutWithDropout,200;100;50,0,0,10,-2,0.95,0.001,1e-05,0.1,1e-08,TRUE,raw,automatic,8.2008130958,1.9544410886,2.1023709061,1.968421314,2.046743629,0.2636069813,0.2596160062,0.259745297,0.2592113769
i5,MaxoutWithDropout,36;36,0.01,0.5,5,-2,0.95,1e-04,0.001,0.1,1e-07,TRUE,raw,automatic,0.518407925,1.9550591267,1.956982468,1.952326381,1.9611416138,0.2636069813,0.2596160062,0.259745297,0.2283128636
i5,TanhWithDropout,500;250;50,0.5,0.1,10,-2,0.9999,0.001,1e-04,0.1,1e-09,FALSE,raw,automatic,10.795675238,1.9569154742,2.0307090643,2.0107667169,1.9587763692,0.2636069813,0.2596160062,0.259745297,0.2592113769
i5,MaxoutWithDropout,100;50,0.05,0.2,10,10000,0.98,0.01,0.01,1,1e-06,FALSE,raw,automatic,1.2780552874,1.9577410636,2.1045765394,2.0296886307,2.0018789845,0.3594699418,0.230331631,0.259745297,0.2592113769
i5,MaxoutWithDropout,36;36,0,0.5,5,1000,0.99,1e-04,0.01,0.1,1e-08,FALSE,raw,automatic,0.3164764374,1.9579721852,1.9472673812,1.957318189,1.9613957383,0.4422107304,0.2596160062,0.259745297,0.2592113769
i5,MaxoutWithDropout,200;100;50,,0.7,100,10000,0.999,0.001,1e-04,1,,FALSE,raw,automatic,,1.9579951421,2.0910438782,1.9716553361,2.09318751,0.2636069813,0.2596160062,0.4472816601,0.2592113769
i5,MaxoutWithDropout,200;100;50,,0.5,5,0,0.9999,0.01,0.001,1000,,TRUE,raw,automatic,,1.9655481401,1.9581655699,1.9603377101,1.9639055462,0.2636069813,0.2596160062,0.2711875364,0.2592113769
i5,TanhWithDropout,100;50,0,0,10,100,0.9999,0.01,0.01,0.1,1e-07,TRUE,raw,automatic,5.3836385369,1.9711516932,2.0156877015,2.0003089891,NA,0.2636069813,0.2596160062,0.259745297,NA
i5,MaxoutWithDropout,500;500;250;100,0.02,0,5,-2,0.999,0,1e-05,1,1e-09,TRUE,raw,automatic,43.6411955833,1.9720041614,2.0202107517,2.0035181263,1.9561197981,0.2636069813,0.2596160062,0.259745297,0.2592113769
i5,RectifierWithDropout,500;500;250;100,,0.2,25,10000,0.99,0.01,1e-04,10,,TRUE,raw,automatic,,1.9976987553,2.0259102913,2.6389887406,2.07830532,0.2636069813,0.2596160062,0.259745297,0.2592113769
i5,MaxoutWithDropout,35;17,,0.1,25,1000,0.98,0.01,1e-05,1,,TRUE,raw,automatic,,2.0202449998,2.0198044422,1.9421739487,1.9434389311,0.2636069813,0.2596160062,0.259745297,0.4036199095
i5,MaxoutWithDropout,500;500;250;100,,0.1,5,0,0.99,1e-04,1e-05,10,,TRUE,raw,automatic,,2.0346052046,1.9732736313,1.980542406,1.973036978,0.2636069813,0.230331631,0.259745297,0.2592113769
i5,MaxoutWithDropout,500;500;250;100,,0.1,50,0,0.99,0.001,1e-04,10,,FALSE,raw,automatic,,2.0527224819,2.1149628967,2.2223747065,2.250112598,0.2255332902,0.230331631,0.259745297,0.2592113769
i5,RectifierWithDropout,500;500;250;100,0.02,0.1,10,-2,0.98,0.01,0,0.1,1e-07,FALSE,raw,automatic,1.6564040462,2.0868290609,1.9546394351,1.9800009034,1.9875377591,0.2255332902,0.2596160062,0.259745297,0.2592113769
i5,RectifierWithDropout,36;36,0.05,0.5,25,100,0.9999,0.01,1e-04,0.1,1e-08,FALSE,raw,automatic,1.4313809544,2.0870002305,2.0479561782,2.0261275533,1.9996638088,0.2636069813,0.2596160062,0.259745297,0.2292824822
i5,RectifierWithDropout,500;500;250;100,0.02,0.7,25,-2,0.99,1e-05,0,0.1,1e-06,FALSE,raw,automatic,7.6835696081,2.2408557597,1.9538973821,1.6314801369,1.6906166952,0.2636069813,0.2596160062,0.4781175254,0.4780866193
i5,MaxoutWithDropout,100;50,0,0.5,5,-2,0.95,0,0.01,1,1e-06,FALSE,raw,MeanSquare,0.5687455336,1.9964439016,1.9876230102,2.0171086499,1.9956572128,0.3742081448,0.2596160062,0.259745297,0.3294764059
i5,RectifierWithDropout,100;50,0.5,0.5,15,-2,0.99,1e-04,1e-05,1,1e-06,FALSE,raw,CrossEntropy,0.4799715708,0.8871176729,0.8615250011,0.8266759656,0.8779559495,0.698125404,0.6987523434,0.7119400091,0.6994182288
i5,RectifierWithDropout,1024;512;128,0,0.7,25,-2,0.95,0.001,0.01,10,1e-06,TRUE,sqrt,MeanSquare,35.1733167628,Inf,Inf,Inf,22.0188782789,0.2636069813,0.2596160062,0.259745297,0.2283128636
i5,MaxoutWithDropout,100;50,0.02,0.1,5,-2,0.98,0.001,0.001,100,1e-09,TRUE,raw,CrossEntropy,1.6874313752,0.9095298738,0.9337544962,0.8843967342,0.8696472637,0.6848739496,0.6876979766,0.6838838968,0.6842921784
i5,TanhWithDropout,36;36;36,0.1,0.2,15,-2,0.9999,0,1e-05,100,1e-07,TRUE,sqrt,MeanSquare,1.1955245296,1.9653335653,2.0110235186,2.0075824777,2.059847329,0.2636069813,0.2596160062,0.1403452065,0.2283128636
i5,RectifierWithDropout,100;50,0.2,0.2,25,-2,0.999,0.01,1e-04,1,1e-09,TRUE,log,Automatic,2.1581708421,0.8629537173,0.8607264822,0.8453314697,0.8775633736,0.7094376212,0.7059926304,0.7082552201,0.7052359405
i5,RectifierWithDropout,500;500;250;100,0.2,0.2,10,-2,0.999,1e-05,0.01,100,1e-09,TRUE,raw,MeanSquare,3.4164877166,25.4341138132,31.8237235734,26.6101969794,30.0110040272,0.2636069813,0.0786088306,0.229555886,0.131092437
i5,RectifierWithDropout,500;500;250;100,0.05,0.5,5,-2,0.98,1e-05,0.01,10,1e-08,TRUE,log,Automatic,7.5916946371,0.5919730747,0.5951368361,0.5908805149,0.5792068811,0.7789269554,0.7804641541,0.7741935484,0.7788623142
i5,TanhWithDropout,36;36,0.2,0.5,10,-2,0.999,0.01,0.001,10,1e-09,FALSE,raw,MeanSquare,0.4178550283,2.0645332375,1.8193212403,1.7805255767,1.8452508792,0.2636069813,0.4668692223,0.4695196845,0.4652230123
i5,RectifierWithDropout,500;500;250;100,0.02,0.2,5,-2,0.9999,0,0.001,1,1e-08,TRUE,sqrt,CrossEntropy,3.8097870042,0.7862765959,0.7477563247,0.9135602689,0.7849067424,0.7220426632,0.7334669339,0.7050875945,0.7135746606
i5,RectifierWithDropout,36;18,0.01,0.7,15,-2,0.99,0.01,0.001,100,1e-08,FALSE,raw,MeanSquare,0.1673612545,2.0485734874,2.0883189077,1.7451954547,2.1125489647,0.2636069813,0.2596160062,0.4655116685,0.2592113769
i5,RectifierWithDropout,500;250;50,0.2,0.5,25,-2,0.99,0.01,0.001,10,1e-07,TRUE,raw,CrossEntropy,3.5600164294,1.9584399708,1.8413253443,2.2812208409,1.7731006948,0.2636069813,0.2958174413,0.259745297,0.3782159017
i5,RectifierWithDropout,500;250;50,0.5,0.7,15,-2,0.9999,1e-05,1e-04,10,1e-06,TRUE,raw,CrossEntropy,1.5931389332,1.3823893096,1.4273445689,1.4901589119,1.367248141,0.5091790562,0.4951839162,0.4680328399,0.5100840336
i5,RectifierWithDropout,36;36;36,0,0.1,50,-2,0.999,0.01,1e-05,100,1e-08,TRUE,raw,Automatic,1.745095404,0.7630980647,0.8020301483,0.7462946928,0.8051034885,0.7288946348,0.7232529575,0.7297174995,0.714479638
i5,RectifierWithDropout,100;20,0.01,0.7,10,-2,0.999,1e-04,1e-05,100,1e-08,FALSE,raw,Automatic,0.203179875,0.7647839996,0.7913966872,0.7643331043,0.7863660203,0.7336134454,0.7124571724,0.7203439136,0.7188106012
i5,RectifierWithDropout,500;250;50,0.02,0.5,5,-2,0.99,1e-05,1e-05,1,1e-09,FALSE,sqrt,MeanSquare,1.6618545383,0.6424650992,0.6527801915,0.6488602145,0.6674226592,0.7655462185,0.7600362014,0.75596354,0.7538461538
i5,MaxoutWithDropout,36;36,0.2,0.2,10,-2,0.99,1e-05,0,100,1e-07,TRUE,raw,Automatic,1.0933808118,0.8892451217,0.8410068055,0.8648571304,0.8757510415,0.6926955398,0.7009502877,0.6940332277,0.6827407886
i5,TanhWithDropout,500;250;50,0,0,25,-2,0.98,0,0.01,1,1e-06,TRUE,sqrt,Automatic,79.6588089506,0.8405359489,0.8213329672,0.8235898673,0.8275655406,0.7095669037,0.7153015709,0.709160256,0.7063348416
i5,RectifierWithDropout,36;36,0.02,0,10,-2,0.999,1e-05,1e-05,1,1e-06,FALSE,raw,CrossEntropy,0.2873342703,0.7811698353,0.7560055179,0.7901669789,0.8102447498,0.7242404654,0.7198913957,0.719632814,0.7031027796
i5,RectifierWithDropout,500;500;250;100,0.5,0,50,-2,0.98,0.001,1e-05,10,1e-07,TRUE,raw,CrossEntropy,24.3910984159,0.6563164145,0.6475035182,0.6629321668,0.638032775,0.7631544926,0.7625573728,0.7637209904,0.7639948287
i5,RectifierWithDropout,36;36;36,0.01,0.5,5,-2,0.98,0.01,0,1,1e-07,FALSE,sqrt,MeanSquare,0.3089881251,2.0932865136,2.1290993493,2.0976337535,2.0874511704,0.2636069813,0.2596160062,0.259745297,0.2592113769
i5,MaxoutWithDropout,36;36,0,0.1,50,-2,0.9999,1e-04,0,100,1e-08,TRUE,sqrt,Automatic,5.5517040253,1.0371984723,1.0183204584,1.0259595281,0.9508979416,0.6478345184,0.6648781434,0.6490400155,0.6787330317
i5,TanhWithDropout,100;50,0.05,0,5,-2,0.99,1e-05,1e-04,100,1e-07,FALSE,sqrt,CrossEntropy,0.7209439536,0.6289542017,0.5998856654,0.5887581805,0.5898625834,0.7627020039,0.7754218114,0.7810459629,0.7719457014
i5,TanhWithDropout,200;100;50,0.05,0,5,-2,0.98,0.001,1e-05,10,1e-09,FALSE,raw,CrossEntropy,1.8199322373,0.6669611817,0.6773576089,0.6675685536,0.6620790821,0.7508080155,0.7481414442,0.7515676514,0.7455074337
i5,MaxoutWithDropout,1024;512;256,0.05,0.5,50,-2,0.99,1e-05,1e-05,10,1e-08,FALSE,sqrtPlus3Over8,CrossEntropy,173.9669843833,1.9493316569,1.9397997971,1.8897709952,1.9415588436,0.3599870718,0.3620789967,0.3919451807,0.3847446671
i5,RectifierWithDropout,1024;512;256,0.05,0.5,50,-2,0.99,1e-05,1e-05,10,1e-08,FALSE,sqrtPlus3Over8,CrossEntropy,24.590130046,0.488492527,0.4882959934,0.4782889379,0.4952711472,0.8173884939,0.8145969358,0.8181524339,0.810989011
i5,RectifierWithDropout,100;100,0.03,0.2,25,-2,0.95,1e-04,1e-05,5,1e-08,FALSE,raw,CrossEntropy,1.3909819831,0.6208522499,0.6258928065,0.6039344029,0.6078743243,0.7865546218,0.7862822419,0.7829853255,0.7800258565
i5,RectifierWithDropout,100;100,0.03,0.2,25,-2,0.99,1e-04,1e-05,5,1e-08,FALSE,raw,CrossEntropy,1.4679912627,0.5360403543,0.5480349312,0.5381186102,0.5438711497,0.7967679379,0.7946215011,0.7921649751,0.789269554
i5,RectifierWithDropout,30,0.03,0.2,25,-2,0.99,1e-04,1e-05,5,1e-08,FALSE,raw,CrossEntropy,0.0005525917,NA,NA,NA,NA,NA,NA,NA,NA
i5,RectifierWithDropout,30,0.03,0.2,25,-2,0.99,1e-04,1e-05,5,1e-08,FALSE,raw,CrossEntropy,0.0887397041,NA,NA,NA,NA,NA,NA,NA,NA
i5,RectifierWithDropout,30,0.03,0.2,25,-2,0.99,1e-04,1e-05,5,1e-08,FALSE,raw,CrossEntropy,0.0887397041,0.6110495519,NA,NA,NA,0.7752424047,NA,NA,NA
Box,activation,hiddenLayers,input dropout,dropout,epochs,trainSamplesPerIteration,rho,l1,l2,maxw2,epsilon,balance_classes,,,execution time,logLoss1,logLoss2,logLoss3,logLoss4,accuracy1,accuracy2,accuracy3,accuracy4
old,TanhWithDropout,100;20,,0.2,25,10000,0.95,0.001,1e-04,100,,TRUE,,,,1.528092659,1.3894655621,1.3736522709,1.4028544981,0.5315449257,0.5388195746,0.4722994376,0.4860374919
old,TanhWithDropout,100;50,,0.1,50,1000,0.98,1e-04,1e-04,1000,,TRUE,,,,0.6809501156,0.692075968,0.7011253994,0.7010900667,0.7482870071,0.7472364083,0.7467838904,0.7409825469
old,MaxoutWithDropout,7,,0.1,50,-2,0.95,1e-04,0,1,,TRUE,,,,1.8545489628,NA,NA,NA,0.3341952165,NA,NA,NA
old,TanhWithDropout,100;20,,0.2,25,10000,0.95,0.001,1e-04,100,,TRUE,,,,1.528092659,1.3894655621,1.3736522709,1.4028544981,0.5315449257,0.5388195746,0.4722994376,0.4860374919
old,TanhWithDropout,100;50,,0.1,50,1000,0.98,1e-04,1e-04,1000,,TRUE,,,,0.6809501156,0.692075968,0.7011253994,0.7010900667,0.7482870071,0.7472364083,0.7467838904,0.7409825469
old,MaxoutWithDropout,7,,0.1,50,-2,0.95,1e-04,0,1,,TRUE,,,,1.8545489628,NA,NA,NA,0.3341952165,NA,NA,NA
old,TanhWithDropout,100;100,,0,10,0,0.98,1e-04,0.01,1,,TRUE,,,,0.7519574619,0.7791135806,0.7377793041,0.8038208289,0.7308985133,0.7223479216,0.7282306549,0.717970265
old,RectifierWithDropout,36;18,,0.2,5,0,0.9999,1e-05,0.001,10,,TRUE,,,,0.6380662256,0.6303646676,0.6270703723,0.6362408187,0.758177117,0.7595836835,0.7529898507,0.7544925663
old,MaxoutWithDropout,36;18,,0.7,50,-2,0.98,1e-04,0.001,10,,TRUE,,,,1.9216466256,1.8559321636,1.8477046306,1.9181961775,0.4606981254,0.4618268796,0.3364794104,0.3251454428
old,RectifierWithDropout,100;50,,0.7,25,1000,0.99,0.01,0.01,10,,TRUE,,,,1.0012199305,1.0268972997,1.0743842574,0.9780307941,0.6886231416,0.6661710518,0.6597711552,0.6832579186
old,MaxoutWithDropout,36;36,,0.2,50,1000,0.99,1e-04,1e-04,10,,TRUE,,,,1.0856965053,0.9872019975,1.3439297138,1.0326497126,0.6321266968,0.6730234663,0.5567263559,0.6604395604
old,RectifierWithDropout,35;17,,0.1,5,1,0.999,0.001,0.001,0.1,,FALSE,,,,1.6053202466,1.5759404168,1.6082216739,1.6419333301,0.478280543,0.47960437,0.4787639796,0.474272786
old,RectifierWithDropout,100;20,,0.7,10,-2,0.9999,1e-05,0.001,1,,TRUE,,,,1.1608258376,1.157041692,1.1866661097,1.1812761352,0.6444731739,0.6714719762,0.615553688,0.605106658
old,MaxoutWithDropout,36;36;36,,0,10,0,0.999,1e-05,0.01,1,,FALSE,,,,1.9363811795,1.9144357096,1.9375692914,1.9562485208,0.2636069813,0.3382894822,0.229555886,0.2592113769
old,MaxoutWithDropout,35;17,0.01,0.7,25,-2,0.98,1e-04,1e-04,100,1e-09,FALSE,,,1.2622208337,1.9380453557,1.8381874488,1.8507444346,1.9140281086,0.2636069813,0.4440493891,0.2947184692,0.2756948933
old,MaxoutWithDropout,100;100,0,0,5,1000,0.9999,0,1e-05,100,1e-06,FALSE,,,1.4352625002,1.1548986178,1.1477828548,1.2164124817,1.1862779446,0.6486102133,0.6294524533,0.6412825651,0.6360698125
old,RectifierWithDropout,36;36,0.1,0.5,50,10000,0.98,0,1e-04,100,1e-07,FALSE,,,0.9406750003,0.6499134611,0.6944005422,0.6582549816,0.6583510207,0.752553329,0.7328204797,0.7566099942,0.7409179056
old,MaxoutWithDropout,36;36,0.01,0.2,5,-2,0.99,1e-04,1e-05,0.1,1e-09,TRUE,,,0.8488833338,1.9486076,1.948869495,1.9495754457,1.9600719411,0.2636069813,0.2596160062,0.259745297,0.2592113769
old,MaxoutWithDropout,36;18,0.02,0,25,-2,0.99,0.01,1e-04,0.1,1e-08,FALSE,,,1.5378541658,1.9529402233,1.9552410812,1.9539378988,1.9594698024,0.2636069813,0.2596160062,0.259745297,0.2592113769
old,RectifierWithDropout,100;100,0.02,0.2,25,-2,0.98,1e-04,0.01,1,1e-07,TRUE,,,7.2042958339,0.7694012935,0.7593317439,0.7253570442,0.8198722177,0.7409179056,0.7312043442,0.7396082488,0.7197802198
old,RectifierWithDropout,100;50,0.01,0.2,50,-2,0.98,0.001,1e-04,100,1e-06,FALSE,,,2.2309208333,0.6221337315,0.623401146,0.6046682322,0.6232815412,0.7723335488,0.7714137953,0.7760036201,0.7676793794
old,RectifierWithDropout,36;36,0.02,0.5,10,-2,0.95,1e-04,0.01,10,1e-09,FALSE,,,0.2894541671,0.7475367664,0.7701671724,0.7608969711,0.7760615043,0.7321266968,0.7226711487,0.7251923201,0.7165481577
old,RectifierWithDropout,100;20,0.1,0,50,-2,0.999,0.001,0,100,1e-07,TRUE,,,5.4090875,0.6351922361,0.6533084639,0.6370770483,0.6892870627,0.767291532,0.7621695003,0.7668239705,0.7615384615
old,TanhWithDropout,100;20,0.05,0.5,10,-2,0.999,1e-04,0.01,1000,1e-09,TRUE,,,2.1509291669,0.8400835523,0.8163076148,0.8533932158,0.8491230748,0.7029088559,0.7058633396,0.7023724869,0.6932773109
old,RectifierWithDropout,35;17,0.05,0.7,5,-2,0.98,0.01,0.001,10,1e-08,TRUE,,,0.2461499999,1.1609634971,1.2921903712,1.1628938322,1.2439607136,0.5769877182,0.6217596483,0.5906652014,0.6221073045
old,RectifierWithDropout,36;36;36,0.5,0.5,10,-2,0.999,0.01,1e-04,100,1e-07,TRUE,,,0.5378083338,1.0727574563,1.1251372214,1.1474344789,1.1072727395,0.6822882999,0.6416057922,0.6644902709,0.620361991
old,RectifierWithDropout,35;17,0.05,0.5,5,-2,0.95,1e-04,1e-04,1000,1e-09,TRUE,,,0.3214791665,0.766507043,0.7694096748,0.7674395538,0.77795635,0.7213962508,0.7225418579,0.7173702243,0.7050420168
